"DeviceId","Device","Date (UTC)","Event","Success","UserId","User","ApplicationId","Application","Application Version","Application Build","Data"
"d1a42dbc-b656-4929-ad50-ae7683e302d1","Samsung_Tab2","2016-10-24 13:30:37","Device Released","True","ce91edac-86f1-42ab-9380-825f9c961272","system user","","","","",""
"3e43f41b-dbd9-4d90-af2d-bfbec3d1d554","Device1111","2016-10-24 13:25:52","Device Released","True","301edaa9-aa4e-47c4-a63f-7d64f6e01acf","Deepak Solanki","","","","",""
"3e43f41b-dbd9-4d90-af2d-bfbec3d1d554","Device1111","2016-10-24 13:25:38","Application Launched","True","301edaa9-aa4e-47c4-a63f-7d64f6e01acf","Deepak Solanki","652a9ec4-11d8-4ed4-87d4-b033de78d046","deviceControl","7.2.5378.1020","7.2.5378.1020",""
"3e43f41b-dbd9-4d90-af2d-bfbec3d1d554","Device1111","2016-10-24 13:25:35","Application Installed","True","301edaa9-aa4e-47c4-a63f-7d64f6e01acf","Deepak Solanki","652a9ec4-11d8-4ed4-87d4-b033de78d046","deviceControl","7.2.5378.1020","7.2.5378.1020",""
"3e43f41b-dbd9-4d90-af2d-bfbec3d1d554","Device1111","2016-10-24 13:25:32","Application Installed","True","301edaa9-aa4e-47c4-a63f-7d64f6e01acf","Deepak Solanki","652a9ec4-11d8-4ed4-87d4-b033de78d046","deviceControl","7.2.5378.1020","7.2.5378.1020",""
"3e43f41b-dbd9-4d90-af2d-bfbec3d1d554","Device1111","2016-10-24 13:25:32","Device Retained","True","301edaa9-aa4e-47c4-a63f-7d64f6e01acf","Deepak Solanki","","","","",""
"3e43f41b-dbd9-4d90-af2d-bfbec3d1d554","Device1111","2016-10-24 13:24:37","Device Released","True","301edaa9-aa4e-47c4-a63f-7d64f6e01acf","Deepak Solanki","","","","",""
"3e43f41b-dbd9-4d90-af2d-bfbec3d1d554","Device1111","2016-10-24 13:24:23","Application Launched","True","301edaa9-aa4e-47c4-a63f-7d64f6e01acf","Deepak Solanki","652a9ec4-11d8-4ed4-87d4-b033de78d046","deviceControl","7.2.5378.1020","7.2.5378.1020",""
"3e43f41b-dbd9-4d90-af2d-bfbec3d1d554","Device1111","2016-10-24 13:24:20","Application Installed","True","301edaa9-aa4e-47c4-a63f-7d64f6e01acf","Deepak Solanki","652a9ec4-11d8-4ed4-87d4-b033de78d046","deviceControl","7.2.5378.1020","7.2.5378.1020",""
"3e43f41b-dbd9-4d90-af2d-bfbec3d1d554","Device1111","2016-10-24 13:24:19","Application Launched","True","301edaa9-aa4e-47c4-a63f-7d64f6e01acf","Deepak Solanki","652a9ec4-11d8-4ed4-87d4-b033de78d046","deviceControl","7.2.5378.1020","7.2.5378.1020",""
"3e43f41b-dbd9-4d90-af2d-bfbec3d1d554","Device1111","2016-10-24 13:24:17","Application Installed","True","301edaa9-aa4e-47c4-a63f-7d64f6e01acf","Deepak Solanki","652a9ec4-11d8-4ed4-87d4-b033de78d046","deviceControl","7.2.5378.1020","7.2.5378.1020",""
"3e43f41b-dbd9-4d90-af2d-bfbec3d1d554","Device1111","2016-10-24 13:24:17","Device Retained","True","301edaa9-aa4e-47c4-a63f-7d64f6e01acf","Deepak Solanki","","","","",""
"3e43f41b-dbd9-4d90-af2d-bfbec3d1d554","Device1111","2016-10-24 13:23:22","Device Released","True","301edaa9-aa4e-47c4-a63f-7d64f6e01acf","Deepak Solanki","","","","",""
"3e43f41b-dbd9-4d90-af2d-bfbec3d1d554","Device1111","2016-10-24 13:23:11","Application Launched","False","301edaa9-aa4e-47c4-a63f-7d64f6e01acf","Deepak Solanki","652a9ec4-11d8-4ed4-87d4-b033de78d046","deviceControl","7.2.5378.1020","7.2.5378.1020",""
"3e43f41b-dbd9-4d90-af2d-bfbec3d1d554","Device1111","2016-10-24 13:23:02","Application Installed","True","301edaa9-aa4e-47c4-a63f-7d64f6e01acf","Deepak Solanki","652a9ec4-11d8-4ed4-87d4-b033de78d046","deviceControl","7.2.5378.1020","7.2.5378.1020",""
"3e43f41b-dbd9-4d90-af2d-bfbec3d1d554","Device1111","2016-10-24 13:23:02","Device Retained","True","301edaa9-aa4e-47c4-a63f-7d64f6e01acf","Deepak Solanki","","","","",""
"3e43f41b-dbd9-4d90-af2d-bfbec3d1d554","Device1111","2016-10-24 13:21:46","Device Released","True","301edaa9-aa4e-47c4-a63f-7d64f6e01acf","Deepak Solanki","","","","",""
"3e43f41b-dbd9-4d90-af2d-bfbec3d1d554","Device1111","2016-10-24 13:21:26","Application Installed","True","301edaa9-aa4e-47c4-a63f-7d64f6e01acf","Deepak Solanki","652a9ec4-11d8-4ed4-87d4-b033de78d046","deviceControl","7.2.5378.1020","7.2.5378.1020",""
"3e43f41b-dbd9-4d90-af2d-bfbec3d1d554","Device1111","2016-10-24 13:21:26","Device Retained","True","301edaa9-aa4e-47c4-a63f-7d64f6e01acf","Deepak Solanki","","","","",""
"0a439528-c026-41a3-bae1-12e996434654","Device1111","2016-10-24 13:17:17","Device Released","True","301edaa9-aa4e-47c4-a63f-7d64f6e01acf","Deepak Solanki","","","","",""
"0a439528-c026-41a3-bae1-12e996434654","Device1111","2016-10-24 13:17:01","Application Launched","True","301edaa9-aa4e-47c4-a63f-7d64f6e01acf","Deepak Solanki","652a9ec4-11d8-4ed4-87d4-b033de78d046","deviceControl","7.2.5378.1020","7.2.5378.1020",""
"0a439528-c026-41a3-bae1-12e996434654","Device1111","2016-10-24 13:16:59","Application Installed","True","301edaa9-aa4e-47c4-a63f-7d64f6e01acf","Deepak Solanki","652a9ec4-11d8-4ed4-87d4-b033de78d046","deviceControl","7.2.5378.1020","7.2.5378.1020",""
"0a439528-c026-41a3-bae1-12e996434654","Device1111","2016-10-24 13:16:57","Application Installed","True","301edaa9-aa4e-47c4-a63f-7d64f6e01acf","Deepak Solanki","652a9ec4-11d8-4ed4-87d4-b033de78d046","deviceControl","7.2.5378.1020","7.2.5378.1020",""
"0a439528-c026-41a3-bae1-12e996434654","Device1111","2016-10-24 13:16:57","Device Retained","True","301edaa9-aa4e-47c4-a63f-7d64f6e01acf","Deepak Solanki","","","","",""
"0a439528-c026-41a3-bae1-12e996434654","Device1111","2016-10-24 13:15:27","Device Released","True","301edaa9-aa4e-47c4-a63f-7d64f6e01acf","Deepak Solanki","","","","",""
"0a439528-c026-41a3-bae1-12e996434654","Device1111","2016-10-24 13:15:07","Application Installed","True","301edaa9-aa4e-47c4-a63f-7d64f6e01acf","Deepak Solanki","652a9ec4-11d8-4ed4-87d4-b033de78d046","deviceControl","7.2.5378.1020","7.2.5378.1020",""
"0a439528-c026-41a3-bae1-12e996434654","Device1111","2016-10-24 13:15:07","Device Retained","True","301edaa9-aa4e-47c4-a63f-7d64f6e01acf","Deepak Solanki","","","","",""
"0a439528-c026-41a3-bae1-12e996434654","Device1111","2016-10-24 13:13:38","Device Released","True","301edaa9-aa4e-47c4-a63f-7d64f6e01acf","Deepak Solanki","","","","",""
"0a439528-c026-41a3-bae1-12e996434654","Device1111","2016-10-24 13:13:23","Application Launched","True","301edaa9-aa4e-47c4-a63f-7d64f6e01acf","Deepak Solanki","652a9ec4-11d8-4ed4-87d4-b033de78d046","deviceControl","7.2.5378.1020","7.2.5378.1020",""
"0a439528-c026-41a3-bae1-12e996434654","Device1111","2016-10-24 13:13:21","Application Installed","True","301edaa9-aa4e-47c4-a63f-7d64f6e01acf","Deepak Solanki","652a9ec4-11d8-4ed4-87d4-b033de78d046","deviceControl","7.2.5378.1020","7.2.5378.1020",""
"0a439528-c026-41a3-bae1-12e996434654","Device1111","2016-10-24 13:13:18","Application Installed","True","301edaa9-aa4e-47c4-a63f-7d64f6e01acf","Deepak Solanki","652a9ec4-11d8-4ed4-87d4-b033de78d046","deviceControl","7.2.5378.1020","7.2.5378.1020",""
"0a439528-c026-41a3-bae1-12e996434654","Device1111","2016-10-24 13:13:18","Device Retained","True","301edaa9-aa4e-47c4-a63f-7d64f6e01acf","Deepak Solanki","","","","",""
"0a439528-c026-41a3-bae1-12e996434654","Device1111","2016-10-24 13:11:47","Device Released","True","301edaa9-aa4e-47c4-a63f-7d64f6e01acf","Deepak Solanki","","","","",""
"0a439528-c026-41a3-bae1-12e996434654","Device1111","2016-10-24 13:11:31","Application Launched","True","301edaa9-aa4e-47c4-a63f-7d64f6e01acf","Deepak Solanki","652a9ec4-11d8-4ed4-87d4-b033de78d046","deviceControl","7.2.5378.1020","7.2.5378.1020",""
"0a439528-c026-41a3-bae1-12e996434654","Device1111","2016-10-24 13:11:27","Application Installed","True","301edaa9-aa4e-47c4-a63f-7d64f6e01acf","Deepak Solanki","652a9ec4-11d8-4ed4-87d4-b033de78d046","deviceControl","7.2.5378.1020","7.2.5378.1020",""
"0a439528-c026-41a3-bae1-12e996434654","Device1111","2016-10-24 13:11:27","Device Retained","True","301edaa9-aa4e-47c4-a63f-7d64f6e01acf","Deepak Solanki","","","","",""
"0a439528-c026-41a3-bae1-12e996434654","Device1111","2016-10-24 13:02:38","Device Released","True","301edaa9-aa4e-47c4-a63f-7d64f6e01acf","Deepak Solanki","","","","",""
"0a439528-c026-41a3-bae1-12e996434654","Device1111","2016-10-24 13:02:18","Device Retained","True","301edaa9-aa4e-47c4-a63f-7d64f6e01acf","Deepak Solanki","","","","",""
"0a439528-c026-41a3-bae1-12e996434654","Device1111","2016-10-24 13:01:04","Application Launched","True","301edaa9-aa4e-47c4-a63f-7d64f6e01acf","Deepak Solanki","652a9ec4-11d8-4ed4-87d4-b033de78d046","deviceControl","7.2.5378.1020","7.2.5378.1020",""
"0a439528-c026-41a3-bae1-12e996434654","Device1111","2016-10-24 13:00:47","Device Released","True","301edaa9-aa4e-47c4-a63f-7d64f6e01acf","Deepak Solanki","","","","",""
"0a439528-c026-41a3-bae1-12e996434654","Device1111","2016-10-24 13:00:28","Application Installed","True","301edaa9-aa4e-47c4-a63f-7d64f6e01acf","Deepak Solanki","652a9ec4-11d8-4ed4-87d4-b033de78d046","deviceControl","7.2.5378.1020","7.2.5378.1020",""
"0a439528-c026-41a3-bae1-12e996434654","Device1111","2016-10-24 13:00:28","Device Retained","True","301edaa9-aa4e-47c4-a63f-7d64f6e01acf","Deepak Solanki","","","","",""
"0a439528-c026-41a3-bae1-12e996434654","Device1111","2016-10-24 12:58:28","Device Online","True","","","","","","",""
"0a439528-c026-41a3-bae1-12e996434654","Device1111","2016-10-24 12:58:03","Device Offline","True","","","","","","",""
"0a439528-c026-41a3-bae1-12e996434654","Device1111","2016-10-24 12:56:51","Device Online","True","","","","","","",""
"0a439528-c026-41a3-bae1-12e996434654","Device1111","2016-10-24 12:56:26","Device Offline","True","","","","","","",""
"d1a42dbc-b656-4929-ad50-ae7683e302d1","Samsung_Tab2","2016-10-24 12:48:34","Application Launched","True","6d97f00d-568d-41a4-8e75-24d7a702abb8","deepak_tester@ml.com","7cf08a45-6b6b-4b54-a690-4d13aa7deec9","deviceControl","7.2.5378.1020","5378",""
"d1a42dbc-b656-4929-ad50-ae7683e302d1","Samsung_Tab2","2016-10-24 12:48:25","Application Installed","True","6d97f00d-568d-41a4-8e75-24d7a702abb8","deepak_tester@ml.com","7cf08a45-6b6b-4b54-a690-4d13aa7deec9","deviceControl","7.2.5378.1020","5378",""
"d1a42dbc-b656-4929-ad50-ae7683e302d1","Samsung_Tab2","2016-10-24 12:48:25","Device Retained","True","6d97f00d-568d-41a4-8e75-24d7a702abb8","deepak_tester@ml.com","","","","",""
"d1a42dbc-b656-4929-ad50-ae7683e302d1","Samsung_Tab2","2016-10-24 12:47:11","Device Released","True","301edaa9-aa4e-47c4-a63f-7d64f6e01acf","Deepak Solanki","","","","",""
"d1a42dbc-b656-4929-ad50-ae7683e302d1","Samsung_Tab2","2016-10-24 12:46:20","Application Launched","True","301edaa9-aa4e-47c4-a63f-7d64f6e01acf","Deepak Solanki","7cf08a45-6b6b-4b54-a690-4d13aa7deec9","deviceControl","7.2.5378.1020","5378",""
"d1a42dbc-b656-4929-ad50-ae7683e302d1","Samsung_Tab2","2016-10-24 12:46:12","Application Installed","True","301edaa9-aa4e-47c4-a63f-7d64f6e01acf","Deepak Solanki","7cf08a45-6b6b-4b54-a690-4d13aa7deec9","deviceControl","7.2.5378.1020","5378",""
"d1a42dbc-b656-4929-ad50-ae7683e302d1","Samsung_Tab2","2016-10-24 12:46:12","Device Retained","True","301edaa9-aa4e-47c4-a63f-7d64f6e01acf","Deepak Solanki","","","","",""
"d1a42dbc-b656-4929-ad50-ae7683e302d1","Samsung_Tab2","2016-10-24 12:44:57","Device Released","True","6d97f00d-568d-41a4-8e75-24d7a702abb8","deepak_tester@ml.com","","","","",""
"d1a42dbc-b656-4929-ad50-ae7683e302d1","Samsung_Tab2","2016-10-24 12:44:07","Application Launched","True","6d97f00d-568d-41a4-8e75-24d7a702abb8","deepak_tester@ml.com","7cf08a45-6b6b-4b54-a690-4d13aa7deec9","deviceControl","7.2.5378.1020","5378",""
"d1a42dbc-b656-4929-ad50-ae7683e302d1","Samsung_Tab2","2016-10-24 12:43:59","Application Installed","True","6d97f00d-568d-41a4-8e75-24d7a702abb8","deepak_tester@ml.com","7cf08a45-6b6b-4b54-a690-4d13aa7deec9","deviceControl","7.2.5378.1020","5378",""
"d1a42dbc-b656-4929-ad50-ae7683e302d1","Samsung_Tab2","2016-10-24 12:43:59","Device Retained","True","6d97f00d-568d-41a4-8e75-24d7a702abb8","deepak_tester@ml.com","","","","",""
"d1a42dbc-b656-4929-ad50-ae7683e302d1","Samsung_Tab2","2016-10-24 12:42:44","Device Released","True","301edaa9-aa4e-47c4-a63f-7d64f6e01acf","Deepak Solanki","","","","",""
"d1a42dbc-b656-4929-ad50-ae7683e302d1","Samsung_Tab2","2016-10-24 12:42:00","Application Launched","True","301edaa9-aa4e-47c4-a63f-7d64f6e01acf","Deepak Solanki","7cf08a45-6b6b-4b54-a690-4d13aa7deec9","deviceControl","7.2.5378.1020","5378",""
"d1a42dbc-b656-4929-ad50-ae7683e302d1","Samsung_Tab2","2016-10-24 12:41:52","Application Installed","True","301edaa9-aa4e-47c4-a63f-7d64f6e01acf","Deepak Solanki","7cf08a45-6b6b-4b54-a690-4d13aa7deec9","deviceControl","7.2.5378.1020","5378",""
"d1a42dbc-b656-4929-ad50-ae7683e302d1","Samsung_Tab2","2016-10-24 12:41:52","Device Retained","True","301edaa9-aa4e-47c4-a63f-7d64f6e01acf","Deepak Solanki","","","","",""
"d1a42dbc-b656-4929-ad50-ae7683e302d1","Samsung_Tab2","2016-10-24 12:40:46","Device Online","True","","","","","","",""
"3bca750e-3014-4010-b155-46963419d70e","V_iPhone7.1.2","2016-10-24 12:40:14","Device Online","True","","","","","","",""
"2d6c6651-4a6b-4634-828e-f225b7323853","newDevice","2016-10-24 12:40:10","Device Online","True","","","","","","",""
"3e43f41b-dbd9-4d90-af2d-bfbec3d1d554","Device1111","2016-10-24 12:39:56","Device Online","True","","","","","","",""
"0a439528-c026-41a3-bae1-12e996434654","Device1111","2016-10-24 12:39:48","Device Online","True","","","","","","",""
"5e7124d4-087e-49d2-8c84-f98d69803ff7","Spice_498","2016-10-24 12:39:29","Device Offline","True","","","","","","",""
"d1a42dbc-b656-4929-ad50-ae7683e302d1","Samsung_Tab2","2016-10-24 12:39:29","Device Offline","True","","","","","","",""
"fad6695a-63db-4eac-8962-612ccfdf8d9a","Micromax","2016-10-24 12:39:29","Device Offline","True","","","","","","",""
"90eb2b28-be64-4097-a940-496f77c5cf12","zCanvas 4","2016-10-24 12:39:29","Device Offline","True","","","","","","",""
"2d6c6651-4a6b-4634-828e-f225b7323853","newDevice","2016-10-24 12:39:29","Device Offline","True","","","","","","",""
"3bca750e-3014-4010-b155-46963419d70e","V_iPhone7.1.2","2016-10-24 12:39:29","Device Offline","True","","","","","","",""
"90eb2b28-be64-4097-a940-496f77c5cf12","zCanvas 4","2016-10-24 12:39:28","Device Online","True","","","","","","",""
"fad6695a-63db-4eac-8962-612ccfdf8d9a","Micromax","2016-10-24 12:39:28","Device Online","True","","","","","","",""
"d1a42dbc-b656-4929-ad50-ae7683e302d1","Samsung_Tab2","2016-10-24 12:39:27","Device Online","True","","","","","","",""
"0a439528-c026-41a3-bae1-12e996434654","Device1111","2016-10-24 12:39:24","Device Offline","True","","","","","","",""
"3e43f41b-dbd9-4d90-af2d-bfbec3d1d554","Device1111","2016-10-24 12:39:24","Device Offline","True","","","","","","",""
"5e7124d4-087e-49d2-8c84-f98d69803ff7","Spice_498","2016-10-24 12:39:23","Device Online","True","","","","","","",""
"90eb2b28-be64-4097-a940-496f77c5cf12","zCanvas 4","2016-10-24 12:39:14","Device Offline","True","","","","","","",""
"fad6695a-63db-4eac-8962-612ccfdf8d9a","Micromax","2016-10-24 12:39:14","Device Offline","True","","","","","","",""
"5e7124d4-087e-49d2-8c84-f98d69803ff7","Spice_498","2016-10-24 12:39:14","Device Offline","True","","","","","","",""
"d1a42dbc-b656-4929-ad50-ae7683e302d1","Samsung_Tab2","2016-10-24 12:39:14","Device Offline","True","","","","","","",""
"3e43f41b-dbd9-4d90-af2d-bfbec3d1d554","Device1111","2016-10-24 12:37:58","Device Enabled","True","301edaa9-aa4e-47c4-a63f-7d64f6e01acf","Deepak Solanki","","","","",""
"0a439528-c026-41a3-bae1-12e996434654","Device1111","2016-10-24 12:37:58","Device Enabled","True","301edaa9-aa4e-47c4-a63f-7d64f6e01acf","Deepak Solanki","","","","",""
"3bca750e-3014-4010-b155-46963419d70e","V_iPhone7.1.2","2016-10-24 12:37:58","Device Enabled","True","301edaa9-aa4e-47c4-a63f-7d64f6e01acf","Deepak Solanki","","","","",""
"2d6c6651-4a6b-4634-828e-f225b7323853","newDevice","2016-10-24 12:37:58","Device Enabled","True","301edaa9-aa4e-47c4-a63f-7d64f6e01acf","Deepak Solanki","","","","",""
"0a439528-c026-41a3-bae1-12e996434654","Device1111","2016-10-24 12:37:24","Device Disabled","True","301edaa9-aa4e-47c4-a63f-7d64f6e01acf","Deepak Solanki","","","","",""
"3bca750e-3014-4010-b155-46963419d70e","V_iPhone7.1.2","2016-10-24 12:37:24","Device Disabled","True","301edaa9-aa4e-47c4-a63f-7d64f6e01acf","Deepak Solanki","","","","",""
"3e43f41b-dbd9-4d90-af2d-bfbec3d1d554","Device1111","2016-10-24 12:37:24","Device Disabled","True","301edaa9-aa4e-47c4-a63f-7d64f6e01acf","Deepak Solanki","","","","",""
"2d6c6651-4a6b-4634-828e-f225b7323853","newDevice","2016-10-24 12:37:24","Device Disabled","True","301edaa9-aa4e-47c4-a63f-7d64f6e01acf","Deepak Solanki","","","","",""
"90eb2b28-be64-4097-a940-496f77c5cf12","zCanvas 4","2016-10-24 12:35:46","Device Enabled","True","301edaa9-aa4e-47c4-a63f-7d64f6e01acf","Deepak Solanki","","","","",""
"5e7124d4-087e-49d2-8c84-f98d69803ff7","Spice_498","2016-10-24 12:35:46","Device Enabled","True","301edaa9-aa4e-47c4-a63f-7d64f6e01acf","Deepak Solanki","","","","",""
"d1a42dbc-b656-4929-ad50-ae7683e302d1","Samsung_Tab2","2016-10-24 12:35:46","Device Enabled","True","301edaa9-aa4e-47c4-a63f-7d64f6e01acf","Deepak Solanki","","","","",""
"fad6695a-63db-4eac-8962-612ccfdf8d9a","Micromax","2016-10-24 12:35:46","Device Enabled","True","301edaa9-aa4e-47c4-a63f-7d64f6e01acf","Deepak Solanki","","","","",""
"d1a42dbc-b656-4929-ad50-ae7683e302d1","Samsung_Tab2","2016-10-24 12:35:11","Device Disabled","True","301edaa9-aa4e-47c4-a63f-7d64f6e01acf","Deepak Solanki","","","","",""
"fad6695a-63db-4eac-8962-612ccfdf8d9a","Micromax","2016-10-24 12:35:11","Device Disabled","True","301edaa9-aa4e-47c4-a63f-7d64f6e01acf","Deepak Solanki","","","","",""
"5e7124d4-087e-49d2-8c84-f98d69803ff7","Spice_498","2016-10-24 12:35:11","Device Disabled","True","301edaa9-aa4e-47c4-a63f-7d64f6e01acf","Deepak Solanki","","","","",""
"90eb2b28-be64-4097-a940-496f77c5cf12","zCanvas 4","2016-10-24 12:35:11","Device Disabled","True","301edaa9-aa4e-47c4-a63f-7d64f6e01acf","Deepak Solanki","","","","",""
"3e43f41b-dbd9-4d90-af2d-bfbec3d1d554","Device1111","2016-10-24 12:33:33","Device Online","True","","","","","","",""
"3e43f41b-dbd9-4d90-af2d-bfbec3d1d554","Device1111","2016-10-24 12:33:01","Device Offline","True","","","","","","",""
"3e43f41b-dbd9-4d90-af2d-bfbec3d1d554","Device1111","2016-10-24 12:29:32","Device Enabled","True","301edaa9-aa4e-47c4-a63f-7d64f6e01acf","Deepak Solanki","","","","",""
"3e43f41b-dbd9-4d90-af2d-bfbec3d1d554","Device1111","2016-10-24 12:29:25","Device Disabled","True","301edaa9-aa4e-47c4-a63f-7d64f6e01acf","Deepak Solanki","","","","",""
"2d6c6651-4a6b-4634-828e-f225b7323853","newDevice","2016-10-24 12:19:10","Device Released","True","301edaa9-aa4e-47c4-a63f-7d64f6e01acf","Deepak Solanki","","","","",""
"d1a42dbc-b656-4929-ad50-ae7683e302d1","Samsung_Tab2","2016-10-24 12:19:07","Device Released","True","301edaa9-aa4e-47c4-a63f-7d64f6e01acf","Deepak Solanki","","","","",""
"0a439528-c026-41a3-bae1-12e996434654","Device1111","2016-10-24 11:36:31","Device Released","True","301edaa9-aa4e-47c4-a63f-7d64f6e01acf","Deepak Solanki","","","","",""
"0a439528-c026-41a3-bae1-12e996434654","Device1111","2016-10-24 11:34:54","Device Retained","True","301edaa9-aa4e-47c4-a63f-7d64f6e01acf","Deepak Solanki","","","","",""
"90eb2b28-be64-4097-a940-496f77c5cf12","zCanvas 4","2016-10-24 11:34:00","Device Enabled","True","301edaa9-aa4e-47c4-a63f-7d64f6e01acf","Deepak Solanki","","","","",""
"fad6695a-63db-4eac-8962-612ccfdf8d9a","Micromax","2016-10-24 11:34:00","Device Enabled","True","301edaa9-aa4e-47c4-a63f-7d64f6e01acf","Deepak Solanki","","","","",""
"3bca750e-3014-4010-b155-46963419d70e","V_iPhone7.1.2","2016-10-24 11:34:00","Device Enabled","True","301edaa9-aa4e-47c4-a63f-7d64f6e01acf","Deepak Solanki","","","","",""
"3e43f41b-dbd9-4d90-af2d-bfbec3d1d554","Device1111","2016-10-24 11:28:03","Device Released","True","301edaa9-aa4e-47c4-a63f-7d64f6e01acf","Deepak Solanki","","","","",""
"3e43f41b-dbd9-4d90-af2d-bfbec3d1d554","Device1111","2016-10-24 11:27:50","Device Retained","True","301edaa9-aa4e-47c4-a63f-7d64f6e01acf","Deepak Solanki","","","","",""
"0a439528-c026-41a3-bae1-12e996434654","Device1111","2016-10-24 11:27:50","Device Released","True","301edaa9-aa4e-47c4-a63f-7d64f6e01acf","Deepak Solanki","","","","",""
"0a439528-c026-41a3-bae1-12e996434654","Device1111","2016-10-24 11:25:56","Device Retained","True","301edaa9-aa4e-47c4-a63f-7d64f6e01acf","Deepak Solanki","","","","",""
"3e43f41b-dbd9-4d90-af2d-bfbec3d1d554","Device1111","2016-10-24 11:25:55","Device Released","True","301edaa9-aa4e-47c4-a63f-7d64f6e01acf","Deepak Solanki","","","","",""
"3e43f41b-dbd9-4d90-af2d-bfbec3d1d554","Device1111","2016-10-24 11:23:54","Device Retained","True","301edaa9-aa4e-47c4-a63f-7d64f6e01acf","Deepak Solanki","","","","",""
"3e43f41b-dbd9-4d90-af2d-bfbec3d1d554","Device1111","2016-10-24 11:09:08","Device Released","True","301edaa9-aa4e-47c4-a63f-7d64f6e01acf","Deepak Solanki","","","","",""
"3e43f41b-dbd9-4d90-af2d-bfbec3d1d554","Device1111","2016-10-24 11:07:20","Application Launched","True","301edaa9-aa4e-47c4-a63f-7d64f6e01acf","Deepak Solanki","652a9ec4-11d8-4ed4-87d4-b033de78d046","deviceControl","7.2.5378.1020","7.2.5378.1020",""
"3e43f41b-dbd9-4d90-af2d-bfbec3d1d554","Device1111","2016-10-24 11:07:14","Application Installed","True","301edaa9-aa4e-47c4-a63f-7d64f6e01acf","Deepak Solanki","652a9ec4-11d8-4ed4-87d4-b033de78d046","deviceControl","7.2.5378.1020","7.2.5378.1020",""
"3e43f41b-dbd9-4d90-af2d-bfbec3d1d554","Device1111","2016-10-24 11:07:14","Device Retained","True","301edaa9-aa4e-47c4-a63f-7d64f6e01acf","Deepak Solanki","","","","",""
"5e7124d4-087e-49d2-8c84-f98d69803ff7","Spice_498","2016-10-24 10:57:00","Device Released","True","301edaa9-aa4e-47c4-a63f-7d64f6e01acf","Deepak Solanki","","","","",""
"0a439528-c026-41a3-bae1-12e996434654","Device1111","2016-10-24 10:56:58","Device Released","True","301edaa9-aa4e-47c4-a63f-7d64f6e01acf","Deepak Solanki","","","","",""
"0a439528-c026-41a3-bae1-12e996434654","Device1111","2016-10-24 10:24:30","Application Launched","True","301edaa9-aa4e-47c4-a63f-7d64f6e01acf","Deepak Solanki","652a9ec4-11d8-4ed4-87d4-b033de78d046","deviceControl","7.2.5378.1020","7.2.5378.1020",""
"0a439528-c026-41a3-bae1-12e996434654","Device1111","2016-10-24 10:23:51","Application Installed","True","301edaa9-aa4e-47c4-a63f-7d64f6e01acf","Deepak Solanki","652a9ec4-11d8-4ed4-87d4-b033de78d046","deviceControl","7.2.5378.1020","7.2.5378.1020",""
"0a439528-c026-41a3-bae1-12e996434654","Device1111","2016-10-24 10:23:51","Device Retained","True","301edaa9-aa4e-47c4-a63f-7d64f6e01acf","Deepak Solanki","","","","",""
"5e7124d4-087e-49d2-8c84-f98d69803ff7","Spice_498","2016-10-24 10:22:05","Application Launched","True","301edaa9-aa4e-47c4-a63f-7d64f6e01acf","Deepak Solanki","7cf08a45-6b6b-4b54-a690-4d13aa7deec9","deviceControl","7.2.5378.1020","5378",""
"5e7124d4-087e-49d2-8c84-f98d69803ff7","Spice_498","2016-10-24 10:21:55","Application Installed","True","301edaa9-aa4e-47c4-a63f-7d64f6e01acf","Deepak Solanki","7cf08a45-6b6b-4b54-a690-4d13aa7deec9","deviceControl","7.2.5378.1020","5378",""
"5e7124d4-087e-49d2-8c84-f98d69803ff7","Spice_498","2016-10-24 10:21:55","Device Retained","True","301edaa9-aa4e-47c4-a63f-7d64f6e01acf","Deepak Solanki","","","","",""
"fad6695a-63db-4eac-8962-612ccfdf8d9a","Micromax","2016-10-24 10:20:26","Device Disabled","True","301edaa9-aa4e-47c4-a63f-7d64f6e01acf","Deepak Solanki","","","","",""
"3e43f41b-dbd9-4d90-af2d-bfbec3d1d554","Device1111","2016-10-24 10:17:29","Device Released","True","301edaa9-aa4e-47c4-a63f-7d64f6e01acf","Deepak Solanki","","","","",""
"3e43f41b-dbd9-4d90-af2d-bfbec3d1d554","Device1111","2016-10-24 10:17:16","Device Retained","True","301edaa9-aa4e-47c4-a63f-7d64f6e01acf","Deepak Solanki","","","","",""
"0a439528-c026-41a3-bae1-12e996434654","Device1111","2016-10-24 10:16:12","Device Enabled","True","301edaa9-aa4e-47c4-a63f-7d64f6e01acf","Deepak Solanki","","","","",""
"0a439528-c026-41a3-bae1-12e996434654","Device1111","2016-10-24 10:15:53","Device Disabled","True","301edaa9-aa4e-47c4-a63f-7d64f6e01acf","Deepak Solanki","","","","",""
"fad6695a-63db-4eac-8962-612ccfdf8d9a","Micromax","2016-10-24 10:13:52","Device Released","True","301edaa9-aa4e-47c4-a63f-7d64f6e01acf","Deepak Solanki","","","","",""
"fad6695a-63db-4eac-8962-612ccfdf8d9a","Micromax","2016-10-24 10:13:47","Application Launched","True","301edaa9-aa4e-47c4-a63f-7d64f6e01acf","Deepak Solanki","7cf08a45-6b6b-4b54-a690-4d13aa7deec9","deviceControl","7.2.5378.1020","5378",""
"fad6695a-63db-4eac-8962-612ccfdf8d9a","Micromax","2016-10-24 10:13:31","Application Installed","True","301edaa9-aa4e-47c4-a63f-7d64f6e01acf","Deepak Solanki","7cf08a45-6b6b-4b54-a690-4d13aa7deec9","deviceControl","7.2.5378.1020","5378",""
"fad6695a-63db-4eac-8962-612ccfdf8d9a","Micromax","2016-10-24 10:13:31","Device Retained","True","301edaa9-aa4e-47c4-a63f-7d64f6e01acf","Deepak Solanki","","","","",""
"fad6695a-63db-4eac-8962-612ccfdf8d9a","Micromax","2016-10-24 10:13:13","Device Online","True","","","","","","",""
"fad6695a-63db-4eac-8962-612ccfdf8d9a","Micromax","2016-10-24 10:13:02","Device Offline","True","","","","","","",""
"3e43f41b-dbd9-4d90-af2d-bfbec3d1d554","Device1111","2016-10-24 10:09:45","Device Released","True","301edaa9-aa4e-47c4-a63f-7d64f6e01acf","Deepak Solanki","","","","",""
"3e43f41b-dbd9-4d90-af2d-bfbec3d1d554","Device1111","2016-10-24 10:08:45","Device Retained","True","301edaa9-aa4e-47c4-a63f-7d64f6e01acf","Deepak Solanki","","","","",""
"0a439528-c026-41a3-bae1-12e996434654","Device1111","2016-10-24 10:07:23","Device Online","True","","","","","","",""
"0a439528-c026-41a3-bae1-12e996434654","Device1111","2016-10-24 10:06:59","Device Offline","True","","","","","","",""
"fad6695a-63db-4eac-8962-612ccfdf8d9a","Micromax","2016-10-24 10:04:29","Device Released","True","301edaa9-aa4e-47c4-a63f-7d64f6e01acf","Deepak Solanki","","","","",""
"0a439528-c026-41a3-bae1-12e996434654","Device1111","2016-10-24 10:04:29","Device Released","True","301edaa9-aa4e-47c4-a63f-7d64f6e01acf","Deepak Solanki","","","","",""
"fad6695a-63db-4eac-8962-612ccfdf8d9a","Micromax","2016-10-24 10:04:18","Device Retained","True","301edaa9-aa4e-47c4-a63f-7d64f6e01acf","Deepak Solanki","","","","",""
"0a439528-c026-41a3-bae1-12e996434654","Device1111","2016-10-24 10:04:18","Device Retained","True","301edaa9-aa4e-47c4-a63f-7d64f6e01acf","Deepak Solanki","","","","",""
"0a439528-c026-41a3-bae1-12e996434654","Device1111","2016-10-24 09:50:04","Device Released","True","301edaa9-aa4e-47c4-a63f-7d64f6e01acf","Deepak Solanki","","","","",""
"0a439528-c026-41a3-bae1-12e996434654","Device1111","2016-10-24 09:48:37","Application Launched","True","301edaa9-aa4e-47c4-a63f-7d64f6e01acf","Deepak Solanki","652a9ec4-11d8-4ed4-87d4-b033de78d046","deviceControl","7.2.5378.1020","7.2.5378.1020",""
"0a439528-c026-41a3-bae1-12e996434654","Device1111","2016-10-24 09:48:32","Application Installed","True","301edaa9-aa4e-47c4-a63f-7d64f6e01acf","Deepak Solanki","652a9ec4-11d8-4ed4-87d4-b033de78d046","deviceControl","7.2.5378.1020","7.2.5378.1020",""
"0a439528-c026-41a3-bae1-12e996434654","Device1111","2016-10-24 09:48:32","Device Retained","True","301edaa9-aa4e-47c4-a63f-7d64f6e01acf","Deepak Solanki","","","","",""
"0a439528-c026-41a3-bae1-12e996434654","Device1111","2016-10-24 09:45:01","Application Launched","True","301edaa9-aa4e-47c4-a63f-7d64f6e01acf","Deepak Solanki","652a9ec4-11d8-4ed4-87d4-b033de78d046","deviceControl","7.2.5378.1020","7.2.5378.1020",""
"0a439528-c026-41a3-bae1-12e996434654","Device1111","2016-10-24 09:44:43","Device Released","True","301edaa9-aa4e-47c4-a63f-7d64f6e01acf","Deepak Solanki","","","","",""
"0a439528-c026-41a3-bae1-12e996434654","Device1111","2016-10-24 09:44:23","Application Installed","True","301edaa9-aa4e-47c4-a63f-7d64f6e01acf","Deepak Solanki","652a9ec4-11d8-4ed4-87d4-b033de78d046","deviceControl","7.2.5378.1020","7.2.5378.1020",""
"0a439528-c026-41a3-bae1-12e996434654","Device1111","2016-10-24 09:44:23","Device Retained","True","301edaa9-aa4e-47c4-a63f-7d64f6e01acf","Deepak Solanki","","","","",""
"0a439528-c026-41a3-bae1-12e996434654","Device1111","2016-10-24 09:42:47","Device Enabled","True","301edaa9-aa4e-47c4-a63f-7d64f6e01acf","Deepak Solanki","","","","",""
"0a439528-c026-41a3-bae1-12e996434654","Device1111","2016-10-24 09:42:40","Device Disabled","True","301edaa9-aa4e-47c4-a63f-7d64f6e01acf","Deepak Solanki","","","","",""
"0a439528-c026-41a3-bae1-12e996434654","Device1111","2016-10-24 09:39:09","Device Online","True","","","","","","",""
"0a439528-c026-41a3-bae1-12e996434654","Device1111","2016-10-24 09:38:46","Device Offline","True","","","","","","",""
"0a439528-c026-41a3-bae1-12e996434654","Device1111","2016-10-24 09:38:24","Device Online","True","","","","","","",""
"0a439528-c026-41a3-bae1-12e996434654","Device1111","2016-10-24 09:37:58","Device Offline","True","","","","","","",""
"fad6695a-63db-4eac-8962-612ccfdf8d9a","Micromax","2016-10-24 09:37:09","Device Online","True","","","","","","",""
"fad6695a-63db-4eac-8962-612ccfdf8d9a","Micromax","2016-10-24 09:36:57","Device Offline","True","","","","","","",""
"fad6695a-63db-4eac-8962-612ccfdf8d9a","Micromax","2016-10-24 09:35:39","Device Online","True","","","","","","",""
"fad6695a-63db-4eac-8962-612ccfdf8d9a","Micromax","2016-10-24 09:35:27","Device Offline","True","","","","","","",""
"0a439528-c026-41a3-bae1-12e996434654","Device1111","2016-10-24 09:34:50","Device Online","True","","","","","","",""
"0a439528-c026-41a3-bae1-12e996434654","Device1111","2016-10-24 09:34:25","Device Offline","True","","","","","","",""
"0a439528-c026-41a3-bae1-12e996434654","Device1111","2016-10-24 09:33:01","Device Released","True","6d97f00d-568d-41a4-8e75-24d7a702abb8","deepak_tester@ml.com","","","","",""
"0a439528-c026-41a3-bae1-12e996434654","Device1111","2016-10-24 09:32:45","Application Launched","True","6d97f00d-568d-41a4-8e75-24d7a702abb8","deepak_tester@ml.com","652a9ec4-11d8-4ed4-87d4-b033de78d046","deviceControl","7.2.5378.1020","7.2.5378.1020",""
"0a439528-c026-41a3-bae1-12e996434654","Device1111","2016-10-24 09:32:41","Application Installed","True","6d97f00d-568d-41a4-8e75-24d7a702abb8","deepak_tester@ml.com","652a9ec4-11d8-4ed4-87d4-b033de78d046","deviceControl","7.2.5378.1020","7.2.5378.1020",""
"0a439528-c026-41a3-bae1-12e996434654","Device1111","2016-10-24 09:32:41","Device Retained","True","6d97f00d-568d-41a4-8e75-24d7a702abb8","deepak_tester@ml.com","","","","",""
"fad6695a-63db-4eac-8962-612ccfdf8d9a","Micromax","2016-10-24 09:28:09","Device Released","True","301edaa9-aa4e-47c4-a63f-7d64f6e01acf","Deepak Solanki","","","","",""
"fad6695a-63db-4eac-8962-612ccfdf8d9a","Micromax","2016-10-24 09:27:26","Application Launched","True","301edaa9-aa4e-47c4-a63f-7d64f6e01acf","Deepak Solanki","7cf08a45-6b6b-4b54-a690-4d13aa7deec9","deviceControl","7.2.5378.1020","5378",""
"fad6695a-63db-4eac-8962-612ccfdf8d9a","Micromax","2016-10-24 09:27:19","Application Installed","True","301edaa9-aa4e-47c4-a63f-7d64f6e01acf","Deepak Solanki","7cf08a45-6b6b-4b54-a690-4d13aa7deec9","deviceControl","7.2.5378.1020","5378",""
"fad6695a-63db-4eac-8962-612ccfdf8d9a","Micromax","2016-10-24 09:27:19","Device Retained","True","301edaa9-aa4e-47c4-a63f-7d64f6e01acf","Deepak Solanki","","","","",""
"fad6695a-63db-4eac-8962-612ccfdf8d9a","Micromax","2016-10-24 09:21:03","Device Released","True","301edaa9-aa4e-47c4-a63f-7d64f6e01acf","Deepak Solanki","","","","",""
"fad6695a-63db-4eac-8962-612ccfdf8d9a","Micromax","2016-10-24 09:20:50","Application Launched","True","301edaa9-aa4e-47c4-a63f-7d64f6e01acf","Deepak Solanki","7cf08a45-6b6b-4b54-a690-4d13aa7deec9","deviceControl","7.2.5378.1020","5378",""
"fad6695a-63db-4eac-8962-612ccfdf8d9a","Micromax","2016-10-24 09:20:43","Application Installed","True","301edaa9-aa4e-47c4-a63f-7d64f6e01acf","Deepak Solanki","7cf08a45-6b6b-4b54-a690-4d13aa7deec9","deviceControl","7.2.5378.1020","5378",""
"fad6695a-63db-4eac-8962-612ccfdf8d9a","Micromax","2016-10-24 09:20:43","Device Retained","True","301edaa9-aa4e-47c4-a63f-7d64f6e01acf","Deepak Solanki","","","","",""
"fad6695a-63db-4eac-8962-612ccfdf8d9a","Micromax","2016-10-24 08:47:18","Device Released","True","301edaa9-aa4e-47c4-a63f-7d64f6e01acf","Deepak Solanki","","","","",""
"fad6695a-63db-4eac-8962-612ccfdf8d9a","Micromax","2016-10-24 08:46:47","Application Launched","True","301edaa9-aa4e-47c4-a63f-7d64f6e01acf","Deepak Solanki","7cf08a45-6b6b-4b54-a690-4d13aa7deec9","deviceControl","7.2.5378.1020","5378",""
"fad6695a-63db-4eac-8962-612ccfdf8d9a","Micromax","2016-10-24 08:46:40","Application Installed","True","301edaa9-aa4e-47c4-a63f-7d64f6e01acf","Deepak Solanki","7cf08a45-6b6b-4b54-a690-4d13aa7deec9","deviceControl","7.2.5378.1020","5378",""
"fad6695a-63db-4eac-8962-612ccfdf8d9a","Micromax","2016-10-24 08:46:40","Device Retained","True","301edaa9-aa4e-47c4-a63f-7d64f6e01acf","Deepak Solanki","","","","",""
"2d6c6651-4a6b-4634-828e-f225b7323853","newDevice","2016-10-24 08:37:03","Application Launched","True","301edaa9-aa4e-47c4-a63f-7d64f6e01acf","Deepak Solanki","652a9ec4-11d8-4ed4-87d4-b033de78d046","deviceControl","7.2.5378.1020","7.2.5378.1020",""
"2d6c6651-4a6b-4634-828e-f225b7323853","newDevice","2016-10-24 08:36:46","Application Installed","True","301edaa9-aa4e-47c4-a63f-7d64f6e01acf","Deepak Solanki","652a9ec4-11d8-4ed4-87d4-b033de78d046","deviceControl","7.2.5378.1020","7.2.5378.1020",""
"2d6c6651-4a6b-4634-828e-f225b7323853","newDevice","2016-10-24 08:36:45","Device Retained","True","301edaa9-aa4e-47c4-a63f-7d64f6e01acf","Deepak Solanki","","","","",""
"3bca750e-3014-4010-b155-46963419d70e","V_iPhone7.1.2","2016-10-24 08:36:41","Device Disabled","True","301edaa9-aa4e-47c4-a63f-7d64f6e01acf","Deepak Solanki","","","","",""
"d1a42dbc-b656-4929-ad50-ae7683e302d1","Samsung_Tab2","2016-10-24 08:36:05","Application Launched","True","301edaa9-aa4e-47c4-a63f-7d64f6e01acf","Deepak Solanki","fbdcd5dc-6e78-46f2-8072-e3cfcfbf80c5","deviceControl","1.0","1 #2",""
"d1a42dbc-b656-4929-ad50-ae7683e302d1","Samsung_Tab2","2016-10-24 08:35:58","Application Installed","True","301edaa9-aa4e-47c4-a63f-7d64f6e01acf","Deepak Solanki","fbdcd5dc-6e78-46f2-8072-e3cfcfbf80c5","deviceControl","1.0","1 #2",""
"d1a42dbc-b656-4929-ad50-ae7683e302d1","Samsung_Tab2","2016-10-24 08:35:56","Device Retained","True","301edaa9-aa4e-47c4-a63f-7d64f6e01acf","Deepak Solanki","","","","",""
"fad6695a-63db-4eac-8962-612ccfdf8d9a","Micromax","2016-10-24 08:35:52","Device Released","True","301edaa9-aa4e-47c4-a63f-7d64f6e01acf","Deepak Solanki","","","","",""
"fad6695a-63db-4eac-8962-612ccfdf8d9a","Micromax","2016-10-24 08:35:50","Application Installed","True","301edaa9-aa4e-47c4-a63f-7d64f6e01acf","Deepak Solanki","fbdcd5dc-6e78-46f2-8072-e3cfcfbf80c5","deviceControl","1.0","1 #2",""
"fad6695a-63db-4eac-8962-612ccfdf8d9a","Micromax","2016-10-24 08:35:49","Application Uninstalled","True","301edaa9-aa4e-47c4-a63f-7d64f6e01acf","Deepak Solanki","fbdcd5dc-6e78-46f2-8072-e3cfcfbf80c5","deviceControl","1.0","1 #2",""
"fad6695a-63db-4eac-8962-612ccfdf8d9a","Micromax","2016-10-24 08:35:47","Application Installed","True","301edaa9-aa4e-47c4-a63f-7d64f6e01acf","Deepak Solanki","fbdcd5dc-6e78-46f2-8072-e3cfcfbf80c5","deviceControl","1.0","1 #2",""
"fad6695a-63db-4eac-8962-612ccfdf8d9a","Micromax","2016-10-24 08:35:47","Device Retained","True","301edaa9-aa4e-47c4-a63f-7d64f6e01acf","Deepak Solanki","","","","",""
"90eb2b28-be64-4097-a940-496f77c5cf12","zCanvas 4","2016-10-24 08:35:40","Device Disabled","True","301edaa9-aa4e-47c4-a63f-7d64f6e01acf","Deepak Solanki","","","","",""
"fad6695a-63db-4eac-8962-612ccfdf8d9a","Micromax","2016-10-24 07:58:24","Device Released","True","301edaa9-aa4e-47c4-a63f-7d64f6e01acf","Deepak Solanki","","","","",""
"0a439528-c026-41a3-bae1-12e996434654","Device1111","2016-10-24 07:58:24","Device Released","True","301edaa9-aa4e-47c4-a63f-7d64f6e01acf","Deepak Solanki","","","","",""
"fad6695a-63db-4eac-8962-612ccfdf8d9a","Micromax","2016-10-24 07:55:40","Device Retained","True","301edaa9-aa4e-47c4-a63f-7d64f6e01acf","Deepak Solanki","","","","",""
"0a439528-c026-41a3-bae1-12e996434654","Device1111","2016-10-24 07:55:40","Device Retained","True","301edaa9-aa4e-47c4-a63f-7d64f6e01acf","Deepak Solanki","","","","",""
"fad6695a-63db-4eac-8962-612ccfdf8d9a","Micromax","2016-10-24 07:55:25","Device Released","True","301edaa9-aa4e-47c4-a63f-7d64f6e01acf","Deepak Solanki","","","","",""
"0a439528-c026-41a3-bae1-12e996434654","Device1111","2016-10-24 07:55:25","Device Released","True","301edaa9-aa4e-47c4-a63f-7d64f6e01acf","Deepak Solanki","","","","",""
"fad6695a-63db-4eac-8962-612ccfdf8d9a","Micromax","2016-10-24 07:53:53","Device Retained","True","301edaa9-aa4e-47c4-a63f-7d64f6e01acf","Deepak Solanki","","","","",""
"0a439528-c026-41a3-bae1-12e996434654","Device1111","2016-10-24 07:53:53","Device Retained","True","301edaa9-aa4e-47c4-a63f-7d64f6e01acf","Deepak Solanki","","","","",""
"fad6695a-63db-4eac-8962-612ccfdf8d9a","Micromax","2016-10-24 07:53:52","Device Released","True","6d97f00d-568d-41a4-8e75-24d7a702abb8","deepak_tester@ml.com","","","","",""
"0a439528-c026-41a3-bae1-12e996434654","Device1111","2016-10-24 07:53:52","Device Released","True","6d97f00d-568d-41a4-8e75-24d7a702abb8","deepak_tester@ml.com","","","","",""
"fad6695a-63db-4eac-8962-612ccfdf8d9a","Micromax","2016-10-24 07:53:24","Device Retained","True","6d97f00d-568d-41a4-8e75-24d7a702abb8","deepak_tester@ml.com","","","","",""
"0a439528-c026-41a3-bae1-12e996434654","Device1111","2016-10-24 07:53:24","Device Retained","True","6d97f00d-568d-41a4-8e75-24d7a702abb8","deepak_tester@ml.com","","","","",""
"fad6695a-63db-4eac-8962-612ccfdf8d9a","Micromax","2016-10-24 07:53:24","Device Released","True","301edaa9-aa4e-47c4-a63f-7d64f6e01acf","Deepak Solanki","","","","",""
"0a439528-c026-41a3-bae1-12e996434654","Device1111","2016-10-24 07:53:24","Device Released","True","301edaa9-aa4e-47c4-a63f-7d64f6e01acf","Deepak Solanki","","","","",""
"fad6695a-63db-4eac-8962-612ccfdf8d9a","Micromax","2016-10-24 07:50:18","Device Retained","True","301edaa9-aa4e-47c4-a63f-7d64f6e01acf","Deepak Solanki","","","","",""
"0a439528-c026-41a3-bae1-12e996434654","Device1111","2016-10-24 07:50:18","Device Retained","True","301edaa9-aa4e-47c4-a63f-7d64f6e01acf","Deepak Solanki","","","","",""
"fad6695a-63db-4eac-8962-612ccfdf8d9a","Micromax","2016-10-24 07:50:06","Device Released","True","301edaa9-aa4e-47c4-a63f-7d64f6e01acf","Deepak Solanki","","","","",""
"0a439528-c026-41a3-bae1-12e996434654","Device1111","2016-10-24 07:50:06","Device Released","True","301edaa9-aa4e-47c4-a63f-7d64f6e01acf","Deepak Solanki","","","","",""
"0a439528-c026-41a3-bae1-12e996434654","Device1111","2016-10-24 07:49:40","Device Retained","True","301edaa9-aa4e-47c4-a63f-7d64f6e01acf","Deepak Solanki","","","","",""
"fad6695a-63db-4eac-8962-612ccfdf8d9a","Micromax","2016-10-24 07:49:40","Device Retained","True","301edaa9-aa4e-47c4-a63f-7d64f6e01acf","Deepak Solanki","","","","",""
"0a439528-c026-41a3-bae1-12e996434654","Device1111","2016-10-24 07:47:27","Device Released","True","301edaa9-aa4e-47c4-a63f-7d64f6e01acf","Deepak Solanki","","","","",""
"fad6695a-63db-4eac-8962-612ccfdf8d9a","Micromax","2016-10-24 07:47:18","Device Enabled","True","301edaa9-aa4e-47c4-a63f-7d64f6e01acf","Deepak Solanki","","","","",""
"fad6695a-63db-4eac-8962-612ccfdf8d9a","Micromax","2016-10-24 07:47:08","Device Disabled","True","301edaa9-aa4e-47c4-a63f-7d64f6e01acf","Deepak Solanki","","","","",""
"fad6695a-63db-4eac-8962-612ccfdf8d9a","Micromax","2016-10-24 07:47:08","Device Released","True","301edaa9-aa4e-47c4-a63f-7d64f6e01acf","Deepak Solanki","","","","",""
"fad6695a-63db-4eac-8962-612ccfdf8d9a","Micromax","2016-10-24 07:40:19","Device Retained","True","301edaa9-aa4e-47c4-a63f-7d64f6e01acf","Deepak Solanki","","","","",""
"0a439528-c026-41a3-bae1-12e996434654","Device1111","2016-10-24 07:39:57","Device Retained","True","301edaa9-aa4e-47c4-a63f-7d64f6e01acf","Deepak Solanki","","","","",""
"0a439528-c026-41a3-bae1-12e996434654","Device1111","2016-10-24 07:39:33","Device Released","True","301edaa9-aa4e-47c4-a63f-7d64f6e01acf","Deepak Solanki","","","","",""
"3e43f41b-dbd9-4d90-af2d-bfbec3d1d554","Device1111","2016-10-24 07:37:17","Application Launched","True","6d97f00d-568d-41a4-8e75-24d7a702abb8","deepak_tester@ml.com","652a9ec4-11d8-4ed4-87d4-b033de78d046","deviceControl","7.2.5378.1020","7.2.5378.1020",""
"3e43f41b-dbd9-4d90-af2d-bfbec3d1d554","Device1111","2016-10-24 07:36:57","Device Released","True","6d97f00d-568d-41a4-8e75-24d7a702abb8","deepak_tester@ml.com","","","","",""
"3e43f41b-dbd9-4d90-af2d-bfbec3d1d554","Device1111","2016-10-24 07:36:41","Application Installed","True","6d97f00d-568d-41a4-8e75-24d7a702abb8","deepak_tester@ml.com","652a9ec4-11d8-4ed4-87d4-b033de78d046","deviceControl","7.2.5378.1020","7.2.5378.1020",""
"3e43f41b-dbd9-4d90-af2d-bfbec3d1d554","Device1111","2016-10-24 07:36:41","Device Retained","True","6d97f00d-568d-41a4-8e75-24d7a702abb8","deepak_tester@ml.com","","","","",""
"0a439528-c026-41a3-bae1-12e996434654","Device1111","2016-10-24 07:31:01","Device Retained","True","301edaa9-aa4e-47c4-a63f-7d64f6e01acf","Deepak Solanki","","","","",""
"0a439528-c026-41a3-bae1-12e996434654","Device1111","2016-10-24 07:30:12","Device Released","True","301edaa9-aa4e-47c4-a63f-7d64f6e01acf","Deepak Solanki","","","","",""
"0a439528-c026-41a3-bae1-12e996434654","Device1111","2016-10-24 07:29:58","Device Retained","True","301edaa9-aa4e-47c4-a63f-7d64f6e01acf","Deepak Solanki","","","","",""
"0a439528-c026-41a3-bae1-12e996434654","Device1111","2016-10-24 07:28:54","Device Enabled","True","301edaa9-aa4e-47c4-a63f-7d64f6e01acf","Deepak Solanki","","","","",""
"90eb2b28-be64-4097-a940-496f77c5cf12","zCanvas 4","2016-10-24 07:28:54","Device Enabled","True","301edaa9-aa4e-47c4-a63f-7d64f6e01acf","Deepak Solanki","","","","",""
"0a439528-c026-41a3-bae1-12e996434654","Device1111","2016-10-24 07:28:46","Device Disabled","True","301edaa9-aa4e-47c4-a63f-7d64f6e01acf","Deepak Solanki","","","","",""
"90eb2b28-be64-4097-a940-496f77c5cf12","zCanvas 4","2016-10-24 07:28:46","Device Disabled","True","301edaa9-aa4e-47c4-a63f-7d64f6e01acf","Deepak Solanki","","","","",""
"c818c7db-a609-4ebe-a38f-15a5f6661413","Nexus5","2016-10-24 07:27:47","Device Enabled","True","301edaa9-aa4e-47c4-a63f-7d64f6e01acf","Deepak Solanki","","","","",""
"c818c7db-a609-4ebe-a38f-15a5f6661413","Nexus5","2016-10-24 07:27:38","Device Disabled","True","301edaa9-aa4e-47c4-a63f-7d64f6e01acf","Deepak Solanki","","","","",""
"c818c7db-a609-4ebe-a38f-15a5f6661413","Nexus5","2016-10-24 07:27:30","Device Enabled","True","301edaa9-aa4e-47c4-a63f-7d64f6e01acf","Deepak Solanki","","","","",""
"c818c7db-a609-4ebe-a38f-15a5f6661413","Nexus5","2016-10-24 07:27:13","Device Disabled","True","301edaa9-aa4e-47c4-a63f-7d64f6e01acf","Deepak Solanki","","","","",""
"fad6695a-63db-4eac-8962-612ccfdf8d9a","Micromax","2016-10-24 07:25:39","Device Released","True","301edaa9-aa4e-47c4-a63f-7d64f6e01acf","Deepak Solanki","","","","",""
"2d6c6651-4a6b-4634-828e-f225b7323853","newDevice","2016-10-24 07:25:39","Device Released","True","301edaa9-aa4e-47c4-a63f-7d64f6e01acf","Deepak Solanki","","","","",""
"fad6695a-63db-4eac-8962-612ccfdf8d9a","Micromax","2016-10-24 07:21:54","Device Retained","True","301edaa9-aa4e-47c4-a63f-7d64f6e01acf","Deepak Solanki","","","","",""
"2d6c6651-4a6b-4634-828e-f225b7323853","newDevice","2016-10-24 07:21:54","Device Retained","True","301edaa9-aa4e-47c4-a63f-7d64f6e01acf","Deepak Solanki","","","","",""
"90eb2b28-be64-4097-a940-496f77c5cf12","zCanvas 4","2016-10-24 07:21:19","Device Online","True","","","","","","",""
"d1a42dbc-b656-4929-ad50-ae7683e302d1","Samsung_Tab2","2016-10-24 07:21:19","Device Online","True","","","","","","",""
"5e7124d4-087e-49d2-8c84-f98d69803ff7","Spice_498","2016-10-24 07:21:18","Device Online","True","","","","","","",""
"fad6695a-63db-4eac-8962-612ccfdf8d9a","Micromax","2016-10-24 07:21:18","Device Online","True","","","","","","",""
"3e43f41b-dbd9-4d90-af2d-bfbec3d1d554","Device1111","2016-10-24 07:21:18","Device Online","True","","","","","","",""
"0a439528-c026-41a3-bae1-12e996434654","Device1111","2016-10-24 07:21:17","Device Online","True","","","","","","",""
"2d6c6651-4a6b-4634-828e-f225b7323853","newDevice","2016-10-24 07:21:17","Device Online","True","","","","","","",""
"3bca750e-3014-4010-b155-46963419d70e","V_iPhone7.1.2","2016-10-24 07:21:17","Device Online","True","","","","","","",""
"90eb2b28-be64-4097-a940-496f77c5cf12","zCanvas 4","2016-10-24 07:21:16","Device Offline","True","","","","","","",""
"5e7124d4-087e-49d2-8c84-f98d69803ff7","Spice_498","2016-10-24 07:21:16","Device Offline","True","","","","","","",""
"0a439528-c026-41a3-bae1-12e996434654","Device1111","2016-10-24 07:21:16","Device Offline","True","","","","","","",""
"2d6c6651-4a6b-4634-828e-f225b7323853","newDevice","2016-10-24 07:21:16","Device Offline","True","","","","","","",""
"2d6c6651-4a6b-4634-828e-f225b7323853","newDevice","2016-10-24 07:21:16","Device Released","True","ce91edac-86f1-42ab-9380-825f9c961272","system user","","","","",""
"fad6695a-63db-4eac-8962-612ccfdf8d9a","Micromax","2016-10-24 07:21:16","Device Offline","True","","","","","","",""
"fad6695a-63db-4eac-8962-612ccfdf8d9a","Micromax","2016-10-24 07:21:16","Device Released","True","ce91edac-86f1-42ab-9380-825f9c961272","system user","","","","",""
"d1a42dbc-b656-4929-ad50-ae7683e302d1","Samsung_Tab2","2016-10-24 07:21:16","Device Offline","True","","","","","","",""
"3e43f41b-dbd9-4d90-af2d-bfbec3d1d554","Device1111","2016-10-24 07:21:16","Device Offline","True","","","","","","",""
"3bca750e-3014-4010-b155-46963419d70e","V_iPhone7.1.2","2016-10-24 07:21:16","Device Offline","True","","","","","","",""
"2d6c6651-4a6b-4634-828e-f225b7323853","newDevice","2016-10-24 07:19:45","Device Retained","True","301edaa9-aa4e-47c4-a63f-7d64f6e01acf","Deepak Solanki","","","","",""
"fad6695a-63db-4eac-8962-612ccfdf8d9a","Micromax","2016-10-24 07:19:45","Device Retained","True","301edaa9-aa4e-47c4-a63f-7d64f6e01acf","Deepak Solanki","","","","",""
"90eb2b28-be64-4097-a940-496f77c5cf12","zCanvas 4","2016-10-24 07:19:10","Device Online","True","","","","","","",""
"d1a42dbc-b656-4929-ad50-ae7683e302d1","Samsung_Tab2","2016-10-24 07:19:10","Device Online","True","","","","","","",""
"5e7124d4-087e-49d2-8c84-f98d69803ff7","Spice_498","2016-10-24 07:19:10","Device Online","True","","","","","","",""
"3e43f41b-dbd9-4d90-af2d-bfbec3d1d554","Device1111","2016-10-24 07:19:10","Device Online","True","","","","","","",""
"2d6c6651-4a6b-4634-828e-f225b7323853","newDevice","2016-10-24 07:19:09","Device Online","True","","","","","","",""
"3bca750e-3014-4010-b155-46963419d70e","V_iPhone7.1.2","2016-10-24 07:19:09","Device Online","True","","","","","","",""
"0a439528-c026-41a3-bae1-12e996434654","Device1111","2016-10-24 07:19:09","Device Online","True","","","","","","",""
"fad6695a-63db-4eac-8962-612ccfdf8d9a","Micromax","2016-10-24 07:19:09","Device Online","True","","","","","","",""
"90eb2b28-be64-4097-a940-496f77c5cf12","zCanvas 4","2016-10-24 07:19:07","Device Offline","True","","","","","","",""
"5e7124d4-087e-49d2-8c84-f98d69803ff7","Spice_498","2016-10-24 07:19:07","Device Offline","True","","","","","","",""
"fad6695a-63db-4eac-8962-612ccfdf8d9a","Micromax","2016-10-24 07:19:07","Device Offline","True","","","","","","",""
"fad6695a-63db-4eac-8962-612ccfdf8d9a","Micromax","2016-10-24 07:19:07","Device Released","True","ce91edac-86f1-42ab-9380-825f9c961272","system user","","","","",""
"2d6c6651-4a6b-4634-828e-f225b7323853","newDevice","2016-10-24 07:19:07","Device Offline","True","","","","","","",""
"2d6c6651-4a6b-4634-828e-f225b7323853","newDevice","2016-10-24 07:19:07","Device Released","True","ce91edac-86f1-42ab-9380-825f9c961272","system user","","","","",""
"0a439528-c026-41a3-bae1-12e996434654","Device1111","2016-10-24 07:19:07","Device Offline","True","","","","","","",""
"3e43f41b-dbd9-4d90-af2d-bfbec3d1d554","Device1111","2016-10-24 07:19:07","Device Offline","True","","","","","","",""
"d1a42dbc-b656-4929-ad50-ae7683e302d1","Samsung_Tab2","2016-10-24 07:19:07","Device Offline","True","","","","","","",""
"3bca750e-3014-4010-b155-46963419d70e","V_iPhone7.1.2","2016-10-24 07:19:07","Device Offline","True","","","","","","",""
"fad6695a-63db-4eac-8962-612ccfdf8d9a","Micromax","2016-10-24 07:18:28","Device Retained","True","301edaa9-aa4e-47c4-a63f-7d64f6e01acf","Deepak Solanki","","","","",""
"2d6c6651-4a6b-4634-828e-f225b7323853","newDevice","2016-10-24 07:18:28","Device Retained","True","301edaa9-aa4e-47c4-a63f-7d64f6e01acf","Deepak Solanki","","","","",""
"fad6695a-63db-4eac-8962-612ccfdf8d9a","Micromax","2016-10-24 07:18:12","Device Released","True","301edaa9-aa4e-47c4-a63f-7d64f6e01acf","Deepak Solanki","","","","",""
"2d6c6651-4a6b-4634-828e-f225b7323853","newDevice","2016-10-24 07:18:12","Device Released","True","301edaa9-aa4e-47c4-a63f-7d64f6e01acf","Deepak Solanki","","","","",""
"2d6c6651-4a6b-4634-828e-f225b7323853","newDevice","2016-10-24 07:16:28","Device Retained","True","301edaa9-aa4e-47c4-a63f-7d64f6e01acf","Deepak Solanki","","","","",""
"2d6c6651-4a6b-4634-828e-f225b7323853","newDevice","2016-10-24 07:16:20","Device Online","True","","","","","","",""
"fad6695a-63db-4eac-8962-612ccfdf8d9a","Micromax","2016-10-24 07:16:16","Device Online","True","","","","","","",""
"3bca750e-3014-4010-b155-46963419d70e","V_iPhone7.1.2","2016-10-24 07:15:28","Device Online","True","","","","","","",""
"2d6c6651-4a6b-4634-828e-f225b7323853","newDevice","2016-10-24 07:15:28","Device Released","True","301edaa9-aa4e-47c4-a63f-7d64f6e01acf","Deepak Solanki","","","","",""
"2d6c6651-4a6b-4634-828e-f225b7323853","newDevice","2016-10-24 07:15:28","Device Offline","True","","","","","","",""
"3bca750e-3014-4010-b155-46963419d70e","V_iPhone7.1.2","2016-10-24 07:15:19","Device Offline","True","","","","","","",""
"fad6695a-63db-4eac-8962-612ccfdf8d9a","Micromax","2016-10-24 07:15:13","Device Offline","True","","","","","","",""
"fad6695a-63db-4eac-8962-612ccfdf8d9a","Micromax","2016-10-24 07:14:32","Device Retained","True","301edaa9-aa4e-47c4-a63f-7d64f6e01acf","Deepak Solanki","","","","",""
"2d6c6651-4a6b-4634-828e-f225b7323853","newDevice","2016-10-24 07:14:32","Device Retained","True","301edaa9-aa4e-47c4-a63f-7d64f6e01acf","Deepak Solanki","","","","",""
"2d6c6651-4a6b-4634-828e-f225b7323853","newDevice","2016-10-24 07:14:22","Device Released","True","301edaa9-aa4e-47c4-a63f-7d64f6e01acf","Deepak Solanki","","","","",""
"2d6c6651-4a6b-4634-828e-f225b7323853","newDevice","2016-10-24 07:11:02","Device Retained","True","301edaa9-aa4e-47c4-a63f-7d64f6e01acf","Deepak Solanki","","","","",""
"2d6c6651-4a6b-4634-828e-f225b7323853","newDevice","2016-10-24 07:11:01","Device Online","True","","","","","","",""
"163e492d-a15e-4a32-8f35-6ae8a727380c","OnePlus_f77b4c0a","2016-10-24 07:10:38","Device Offline","True","","","","","","",""
"2d6c6651-4a6b-4634-828e-f225b7323853","newDevice","2016-10-24 07:10:26","Device Offline","True","","","","","","",""
"fad6695a-63db-4eac-8962-612ccfdf8d9a","Micromax","2016-10-24 07:10:17","Device Online","True","","","","","","",""
"fad6695a-63db-4eac-8962-612ccfdf8d9a","Micromax","2016-10-24 07:10:05","Device Offline","True","","","","","","",""
"2d6c6651-4a6b-4634-828e-f225b7323853","newDevice","2016-10-24 07:10:05","Device Released","True","301edaa9-aa4e-47c4-a63f-7d64f6e01acf","Deepak Solanki","","","","",""
"fad6695a-63db-4eac-8962-612ccfdf8d9a","Micromax","2016-10-24 07:10:05","Device Released","True","301edaa9-aa4e-47c4-a63f-7d64f6e01acf","Deepak Solanki","","","","",""
"fad6695a-63db-4eac-8962-612ccfdf8d9a","Micromax","2016-10-24 07:09:37","Device Retained","True","301edaa9-aa4e-47c4-a63f-7d64f6e01acf","Deepak Solanki","","","","",""
"2d6c6651-4a6b-4634-828e-f225b7323853","newDevice","2016-10-24 07:09:37","Device Retained","True","301edaa9-aa4e-47c4-a63f-7d64f6e01acf","Deepak Solanki","","","","",""
"2d6c6651-4a6b-4634-828e-f225b7323853","newDevice","2016-10-24 07:07:21","Device Online","True","","","","","","",""
"2d6c6651-4a6b-4634-828e-f225b7323853","newDevice","2016-10-24 07:06:47","Device Offline","True","","","","","","",""
"fad6695a-63db-4eac-8962-612ccfdf8d9a","Micromax","2016-10-24 07:06:37","Device Online","True","","","","","","",""
"fad6695a-63db-4eac-8962-612ccfdf8d9a","Micromax","2016-10-24 07:06:25","Device Offline","True","","","","","","",""
"2d6c6651-4a6b-4634-828e-f225b7323853","newDevice","2016-10-24 07:06:25","Device Released","True","301edaa9-aa4e-47c4-a63f-7d64f6e01acf","Deepak Solanki","","","","",""
"fad6695a-63db-4eac-8962-612ccfdf8d9a","Micromax","2016-10-24 07:06:25","Device Released","True","301edaa9-aa4e-47c4-a63f-7d64f6e01acf","Deepak Solanki","","","","",""
"fad6695a-63db-4eac-8962-612ccfdf8d9a","Micromax","2016-10-24 07:04:35","Device Retained","True","301edaa9-aa4e-47c4-a63f-7d64f6e01acf","Deepak Solanki","","","","",""
"2d6c6651-4a6b-4634-828e-f225b7323853","newDevice","2016-10-24 07:04:30","Device Retained","True","301edaa9-aa4e-47c4-a63f-7d64f6e01acf","Deepak Solanki","","","","",""
"3e43f41b-dbd9-4d90-af2d-bfbec3d1d554","Device1111","2016-10-24 06:56:33","Device Online","True","","","","","","",""
"3e43f41b-dbd9-4d90-af2d-bfbec3d1d554","Device1111","2016-10-24 06:56:02","Device Offline","True","","","","","","",""
"5e7124d4-087e-49d2-8c84-f98d69803ff7","Spice_498","2016-10-24 06:56:00","Device Online","True","","","","","","",""
"5e7124d4-087e-49d2-8c84-f98d69803ff7","Spice_498","2016-10-24 06:55:51","Device Offline","True","","","","","","",""
"5e7124d4-087e-49d2-8c84-f98d69803ff7","Spice_498","2016-10-24 06:55:51","Device Released","True","301edaa9-aa4e-47c4-a63f-7d64f6e01acf","Deepak Solanki","","","","",""
"3e43f41b-dbd9-4d90-af2d-bfbec3d1d554","Device1111","2016-10-24 06:55:51","Device Released","True","301edaa9-aa4e-47c4-a63f-7d64f6e01acf","Deepak Solanki","","","","",""
"5e7124d4-087e-49d2-8c84-f98d69803ff7","Spice_498","2016-10-24 06:55:44","Device Retained","True","301edaa9-aa4e-47c4-a63f-7d64f6e01acf","Deepak Solanki","","","","",""
"3e43f41b-dbd9-4d90-af2d-bfbec3d1d554","Device1111","2016-10-24 06:55:44","Device Retained","True","301edaa9-aa4e-47c4-a63f-7d64f6e01acf","Deepak Solanki","","","","",""
"3e43f41b-dbd9-4d90-af2d-bfbec3d1d554","Device1111","2016-10-24 06:55:36","Device Released","True","301edaa9-aa4e-47c4-a63f-7d64f6e01acf","Deepak Solanki","","","","",""
"3e43f41b-dbd9-4d90-af2d-bfbec3d1d554","Device1111","2016-10-24 06:52:30","Device Retained","True","301edaa9-aa4e-47c4-a63f-7d64f6e01acf","Deepak Solanki","","","","",""
"3e43f41b-dbd9-4d90-af2d-bfbec3d1d554","Device1111","2016-10-24 06:52:28","Device Online","True","","","","","","",""
"3e43f41b-dbd9-4d90-af2d-bfbec3d1d554","Device1111","2016-10-24 06:51:55","Device Offline","True","","","","","","",""
"5e7124d4-087e-49d2-8c84-f98d69803ff7","Spice_498","2016-10-24 06:51:54","Device Online","True","","","","","","",""
"5e7124d4-087e-49d2-8c84-f98d69803ff7","Spice_498","2016-10-24 06:51:45","Device Offline","True","","","","","","",""
"5e7124d4-087e-49d2-8c84-f98d69803ff7","Spice_498","2016-10-24 06:51:45","Device Released","True","301edaa9-aa4e-47c4-a63f-7d64f6e01acf","Deepak Solanki","","","","",""
"3e43f41b-dbd9-4d90-af2d-bfbec3d1d554","Device1111","2016-10-24 06:51:45","Device Released","True","301edaa9-aa4e-47c4-a63f-7d64f6e01acf","Deepak Solanki","","","","",""
"5e7124d4-087e-49d2-8c84-f98d69803ff7","Spice_498","2016-10-24 06:51:14","Device Retained","True","301edaa9-aa4e-47c4-a63f-7d64f6e01acf","Deepak Solanki","","","","",""
"3e43f41b-dbd9-4d90-af2d-bfbec3d1d554","Device1111","2016-10-24 06:51:14","Device Retained","True","301edaa9-aa4e-47c4-a63f-7d64f6e01acf","Deepak Solanki","","","","",""
"5e7124d4-087e-49d2-8c84-f98d69803ff7","Spice_498","2016-10-24 06:51:07","Device Released","True","301edaa9-aa4e-47c4-a63f-7d64f6e01acf","Deepak Solanki","","","","",""
"3e43f41b-dbd9-4d90-af2d-bfbec3d1d554","Device1111","2016-10-24 06:51:07","Device Released","True","301edaa9-aa4e-47c4-a63f-7d64f6e01acf","Deepak Solanki","","","","",""
"5e7124d4-087e-49d2-8c84-f98d69803ff7","Spice_498","2016-10-24 06:50:42","Device Retained","True","301edaa9-aa4e-47c4-a63f-7d64f6e01acf","Deepak Solanki","","","","",""
"3e43f41b-dbd9-4d90-af2d-bfbec3d1d554","Device1111","2016-10-24 06:50:34","Device Retained","True","301edaa9-aa4e-47c4-a63f-7d64f6e01acf","Deepak Solanki","","","","",""
"fad6695a-63db-4eac-8962-612ccfdf8d9a","Micromax","2016-10-24 06:45:15","Device Released","True","301edaa9-aa4e-47c4-a63f-7d64f6e01acf","Deepak Solanki","","","","",""
"fad6695a-63db-4eac-8962-612ccfdf8d9a","Micromax","2016-10-24 06:45:06","Device Retained","True","301edaa9-aa4e-47c4-a63f-7d64f6e01acf","Deepak Solanki","","","","",""
"5e7124d4-087e-49d2-8c84-f98d69803ff7","Spice_498","2016-10-24 06:43:24","Device Released","True","301edaa9-aa4e-47c4-a63f-7d64f6e01acf","Deepak Solanki","","","","",""
"5e7124d4-087e-49d2-8c84-f98d69803ff7","Spice_498","2016-10-24 06:43:21","Device Retained","True","301edaa9-aa4e-47c4-a63f-7d64f6e01acf","Deepak Solanki","","","","",""
"5e7124d4-087e-49d2-8c84-f98d69803ff7","Spice_498","2016-10-24 06:43:16","Device Released","True","6d97f00d-568d-41a4-8e75-24d7a702abb8","deepak_tester@ml.com","","","","",""
"5e7124d4-087e-49d2-8c84-f98d69803ff7","Spice_498","2016-10-24 06:42:30","Device Retained","True","6d97f00d-568d-41a4-8e75-24d7a702abb8","deepak_tester@ml.com","","","","",""
"5e7124d4-087e-49d2-8c84-f98d69803ff7","Spice_498","2016-10-24 06:41:37","Device Released","True","301edaa9-aa4e-47c4-a63f-7d64f6e01acf","Deepak Solanki","","","","",""
"5e7124d4-087e-49d2-8c84-f98d69803ff7","Spice_498","2016-10-24 06:41:36","Device Retained","True","301edaa9-aa4e-47c4-a63f-7d64f6e01acf","Deepak Solanki","","","","",""
"163e492d-a15e-4a32-8f35-6ae8a727380c","OnePlus_f77b4c0a","2016-10-24 06:40:37","Device Released","True","301edaa9-aa4e-47c4-a63f-7d64f6e01acf","Deepak Solanki","","","","",""
"fad6695a-63db-4eac-8962-612ccfdf8d9a","Micromax","2016-10-24 06:40:37","Device Released","True","301edaa9-aa4e-47c4-a63f-7d64f6e01acf","Deepak Solanki","","","","",""
"3e43f41b-dbd9-4d90-af2d-bfbec3d1d554","Device1111","2016-10-24 06:40:28","Device Released","True","301edaa9-aa4e-47c4-a63f-7d64f6e01acf","Deepak Solanki","","","","",""
"3e43f41b-dbd9-4d90-af2d-bfbec3d1d554","Device1111","2016-10-24 06:40:06","Application Launched","True","301edaa9-aa4e-47c4-a63f-7d64f6e01acf","Deepak Solanki","652a9ec4-11d8-4ed4-87d4-b033de78d046","deviceControl","7.2.5378.1020","7.2.5378.1020",""
"3e43f41b-dbd9-4d90-af2d-bfbec3d1d554","Device1111","2016-10-24 06:40:02","Application Installed","True","301edaa9-aa4e-47c4-a63f-7d64f6e01acf","Deepak Solanki","652a9ec4-11d8-4ed4-87d4-b033de78d046","deviceControl","7.2.5378.1020","7.2.5378.1020",""
"163e492d-a15e-4a32-8f35-6ae8a727380c","OnePlus_f77b4c0a","2016-10-24 06:34:15","Device Retained","True","301edaa9-aa4e-47c4-a63f-7d64f6e01acf","Deepak Solanki","","","","",""
"163e492d-a15e-4a32-8f35-6ae8a727380c","OnePlus_f77b4c0a","2016-10-24 06:34:11","Device Released","True","6d97f00d-568d-41a4-8e75-24d7a702abb8","deepak_tester@ml.com","","","","",""
"163e492d-a15e-4a32-8f35-6ae8a727380c","OnePlus_f77b4c0a","2016-10-24 06:34:01","Device Retained","True","6d97f00d-568d-41a4-8e75-24d7a702abb8","deepak_tester@ml.com","","","","",""
"3e43f41b-dbd9-4d90-af2d-bfbec3d1d554","Device1111","2016-10-24 06:33:18","Device Retained","True","301edaa9-aa4e-47c4-a63f-7d64f6e01acf","Deepak Solanki","","","","",""
"fad6695a-63db-4eac-8962-612ccfdf8d9a","Micromax","2016-10-24 06:33:11","Device Retained","True","301edaa9-aa4e-47c4-a63f-7d64f6e01acf","Deepak Solanki","","","","",""
"90eb2b28-be64-4097-a940-496f77c5cf12","zCanvas 4","2016-10-24 06:22:02","Device Online","True","","","","","","",""
"163e492d-a15e-4a32-8f35-6ae8a727380c","OnePlus_f77b4c0a","2016-10-24 06:22:01","Device Online","True","","","","","","",""
"5e7124d4-087e-49d2-8c84-f98d69803ff7","Spice_498","2016-10-24 06:22:01","Device Online","True","","","","","","",""
"d1a42dbc-b656-4929-ad50-ae7683e302d1","Samsung_Tab2","2016-10-24 06:22:01","Device Online","True","","","","","","",""
"fad6695a-63db-4eac-8962-612ccfdf8d9a","Micromax","2016-10-24 06:22:00","Device Online","True","","","","","","",""
"3bca750e-3014-4010-b155-46963419d70e","V_iPhone7.1.2","2016-10-24 06:22:00","Device Online","True","","","","","","",""
"3e43f41b-dbd9-4d90-af2d-bfbec3d1d554","Device1111","2016-10-24 06:22:00","Device Online","True","","","","","","",""
"2d6c6651-4a6b-4634-828e-f225b7323853","newDevice","2016-10-24 06:22:00","Device Online","True","","","","","","",""
"0a439528-c026-41a3-bae1-12e996434654","Device1111","2016-10-24 06:22:00","Device Online","True","","","","","","",""
"d1a42dbc-b656-4929-ad50-ae7683e302d1","Samsung_Tab2","2016-10-24 06:21:58","Device Offline","True","","","","","","",""
"3bca750e-3014-4010-b155-46963419d70e","V_iPhone7.1.2","2016-10-24 06:21:58","Device Offline","True","","","","","","",""
"3e43f41b-dbd9-4d90-af2d-bfbec3d1d554","Device1111","2016-10-24 06:21:58","Device Offline","True","","","","","","",""
"5e7124d4-087e-49d2-8c84-f98d69803ff7","Spice_498","2016-10-24 06:21:58","Device Offline","True","","","","","","",""
"fad6695a-63db-4eac-8962-612ccfdf8d9a","Micromax","2016-10-24 06:21:58","Device Offline","True","","","","","","",""
"90eb2b28-be64-4097-a940-496f77c5cf12","zCanvas 4","2016-10-24 06:21:58","Device Offline","True","","","","","","",""
"0a439528-c026-41a3-bae1-12e996434654","Device1111","2016-10-24 06:21:58","Device Offline","True","","","","","","",""
"2d6c6651-4a6b-4634-828e-f225b7323853","newDevice","2016-10-24 06:21:58","Device Offline","True","","","","","","",""
"163e492d-a15e-4a32-8f35-6ae8a727380c","OnePlus_f77b4c0a","2016-10-24 06:21:58","Device Offline","True","","","","","","",""
"90eb2b28-be64-4097-a940-496f77c5cf12","zCanvas 4","2016-10-24 05:50:05","Device Released","True","301edaa9-aa4e-47c4-a63f-7d64f6e01acf","Deepak Solanki","","","","",""
"5e7124d4-087e-49d2-8c84-f98d69803ff7","Spice_498","2016-10-24 05:50:05","Device Released","True","301edaa9-aa4e-47c4-a63f-7d64f6e01acf","Deepak Solanki","","","","",""
"90eb2b28-be64-4097-a940-496f77c5cf12","zCanvas 4","2016-10-24 05:49:56","Device Retained","True","301edaa9-aa4e-47c4-a63f-7d64f6e01acf","Deepak Solanki","","","","",""
"5e7124d4-087e-49d2-8c84-f98d69803ff7","Spice_498","2016-10-24 05:49:51","Device Retained","True","301edaa9-aa4e-47c4-a63f-7d64f6e01acf","Deepak Solanki","","","","",""
"5e7124d4-087e-49d2-8c84-f98d69803ff7","Spice_498","2016-10-24 05:49:30","Device Released","True","301edaa9-aa4e-47c4-a63f-7d64f6e01acf","Deepak Solanki","","","","",""
"5e7124d4-087e-49d2-8c84-f98d69803ff7","Spice_498","2016-10-24 05:39:04","Application Launched","True","301edaa9-aa4e-47c4-a63f-7d64f6e01acf","Deepak Solanki","fbdcd5dc-6e78-46f2-8072-e3cfcfbf80c5","deviceControl","1.0","1 #2",""
"5e7124d4-087e-49d2-8c84-f98d69803ff7","Spice_498","2016-10-24 05:39:03","Application Launched","True","301edaa9-aa4e-47c4-a63f-7d64f6e01acf","Deepak Solanki","7cf08a45-6b6b-4b54-a690-4d13aa7deec9","deviceControl","7.2.5378.1020","5378",""
"5e7124d4-087e-49d2-8c84-f98d69803ff7","Spice_498","2016-10-24 05:38:56","Application Installed","True","301edaa9-aa4e-47c4-a63f-7d64f6e01acf","Deepak Solanki","7cf08a45-6b6b-4b54-a690-4d13aa7deec9","deviceControl","7.2.5378.1020","5378",""
"5e7124d4-087e-49d2-8c84-f98d69803ff7","Spice_498","2016-10-24 05:37:17","Application Installed","True","301edaa9-aa4e-47c4-a63f-7d64f6e01acf","Deepak Solanki","fbdcd5dc-6e78-46f2-8072-e3cfcfbf80c5","deviceControl","1.0","1 #2",""
"5e7124d4-087e-49d2-8c84-f98d69803ff7","Spice_498","2016-10-24 05:35:20","Device Retained","True","301edaa9-aa4e-47c4-a63f-7d64f6e01acf","Deepak Solanki","","","","",""
"5e7124d4-087e-49d2-8c84-f98d69803ff7","Spice_498","2016-10-24 05:32:45","Device Released","True","301edaa9-aa4e-47c4-a63f-7d64f6e01acf","Deepak Solanki","","","","",""
"5e7124d4-087e-49d2-8c84-f98d69803ff7","Spice_498","2016-10-24 05:30:36","Application Installed","True","301edaa9-aa4e-47c4-a63f-7d64f6e01acf","Deepak Solanki","fbdcd5dc-6e78-46f2-8072-e3cfcfbf80c5","deviceControl","1.0","1 #2",""
"5e7124d4-087e-49d2-8c84-f98d69803ff7","Spice_498","2016-10-24 05:14:44","Device Retained","True","301edaa9-aa4e-47c4-a63f-7d64f6e01acf","Deepak Solanki","","","","",""
"fad6695a-63db-4eac-8962-612ccfdf8d9a","Micromax","2016-10-24 05:14:01","Device Released","True","5157a04f-6790-45dc-9d85-63f282c5d287","deepak!#$%^&*()_+@gmail.com","","","","",""
"fad6695a-63db-4eac-8962-612ccfdf8d9a","Micromax","2016-10-24 05:13:53","Device Retained","True","5157a04f-6790-45dc-9d85-63f282c5d287","deepak!#$%^&*()_+@gmail.com","","","","",""
"fad6695a-63db-4eac-8962-612ccfdf8d9a","Micromax","2016-10-24 05:12:12","Device Released","True","301edaa9-aa4e-47c4-a63f-7d64f6e01acf","Deepak Solanki","","","","",""
"fad6695a-63db-4eac-8962-612ccfdf8d9a","Micromax","2016-10-24 05:12:02","Device Retained","True","301edaa9-aa4e-47c4-a63f-7d64f6e01acf","Deepak Solanki","","","","",""
"5e7124d4-087e-49d2-8c84-f98d69803ff7","Spice_498","2016-10-24 05:11:01","Device Released","True","301edaa9-aa4e-47c4-a63f-7d64f6e01acf","Deepak Solanki","","","","",""
"5e7124d4-087e-49d2-8c84-f98d69803ff7","Spice_498","2016-10-24 05:04:37","Application Launched","True","301edaa9-aa4e-47c4-a63f-7d64f6e01acf","Deepak Solanki","9db5e7af-7dfd-40e4-a1cd-edec16cf7ce3","deviceControl","1.0","1",""
"5e7124d4-087e-49d2-8c84-f98d69803ff7","Spice_498","2016-10-24 05:04:28","Application Installed","True","301edaa9-aa4e-47c4-a63f-7d64f6e01acf","Deepak Solanki","9db5e7af-7dfd-40e4-a1cd-edec16cf7ce3","deviceControl","1.0","1",""
"5e7124d4-087e-49d2-8c84-f98d69803ff7","Spice_498","2016-10-24 05:02:29","Device Retained","True","301edaa9-aa4e-47c4-a63f-7d64f6e01acf","Deepak Solanki","","","","",""
"90eb2b28-be64-4097-a940-496f77c5cf12","zCanvas 4","2016-10-24 05:02:18","Device Released","True","301edaa9-aa4e-47c4-a63f-7d64f6e01acf","Deepak Solanki","","","","",""
"5e7124d4-087e-49d2-8c84-f98d69803ff7","Spice_498","2016-10-24 05:01:41","Device Released","True","301edaa9-aa4e-47c4-a63f-7d64f6e01acf","Deepak Solanki","","","","",""
"fad6695a-63db-4eac-8962-612ccfdf8d9a","Micromax","2016-10-24 04:56:43","Application Installed","True","301edaa9-aa4e-47c4-a63f-7d64f6e01acf","Deepak Solanki","0631eef0-3fc2-4338-aa33-e90043ed00e5","WebDriver","","",""
"5e7124d4-087e-49d2-8c84-f98d69803ff7","Spice_498","2016-10-24 04:53:26","Device Retained","True","301edaa9-aa4e-47c4-a63f-7d64f6e01acf","Deepak Solanki","","","","",""
"90eb2b28-be64-4097-a940-496f77c5cf12","zCanvas 4","2016-10-24 04:53:23","Device Retained","True","301edaa9-aa4e-47c4-a63f-7d64f6e01acf","Deepak Solanki","","","","",""
"fad6695a-63db-4eac-8962-612ccfdf8d9a","Micromax","2016-10-24 04:53:22","Application Installed","True","301edaa9-aa4e-47c4-a63f-7d64f6e01acf","Deepak Solanki","9fec0983-e2ad-4ad5-ab23-1879adb27b56","Aldiko","3.0.8","300026",""
"90eb2b28-be64-4097-a940-496f77c5cf12","zCanvas 4","2016-10-24 04:50:58","Device Enabled","True","301edaa9-aa4e-47c4-a63f-7d64f6e01acf","Deepak Solanki","","","","",""
"90eb2b28-be64-4097-a940-496f77c5cf12","zCanvas 4","2016-10-24 04:50:44","Device Disabled","True","301edaa9-aa4e-47c4-a63f-7d64f6e01acf","Deepak Solanki","","","","",""
"90eb2b28-be64-4097-a940-496f77c5cf12","zCanvas 4","2016-10-24 04:50:44","Device Released","True","301edaa9-aa4e-47c4-a63f-7d64f6e01acf","Deepak Solanki","","","","",""
"2d6c6651-4a6b-4634-828e-f225b7323853","newDevice","2016-10-24 04:49:33","Device Released","True","301edaa9-aa4e-47c4-a63f-7d64f6e01acf","Deepak Solanki","","","","",""
"fad6695a-63db-4eac-8962-612ccfdf8d9a","Micromax","2016-10-24 04:49:31","Device Released","True","301edaa9-aa4e-47c4-a63f-7d64f6e01acf","Deepak Solanki","","","","",""
"0a439528-c026-41a3-bae1-12e996434654","Device1111","2016-10-24 04:49:31","Device Released","True","301edaa9-aa4e-47c4-a63f-7d64f6e01acf","Deepak Solanki","","","","",""
"3e43f41b-dbd9-4d90-af2d-bfbec3d1d554","Device1111","2016-10-24 04:49:25","Device Released","True","301edaa9-aa4e-47c4-a63f-7d64f6e01acf","Deepak Solanki","","","","",""
"90eb2b28-be64-4097-a940-496f77c5cf12","zCanvas 4","2016-10-24 04:48:10","Device Retained","True","301edaa9-aa4e-47c4-a63f-7d64f6e01acf","Deepak Solanki","","","","",""
"90eb2b28-be64-4097-a940-496f77c5cf12","zCanvas 4","2016-10-24 04:48:09","Device Released","True","6d97f00d-568d-41a4-8e75-24d7a702abb8","deepak_tester@ml.com","","","","",""
"163e492d-a15e-4a32-8f35-6ae8a727380c","OnePlus_f77b4c0a","2016-10-24 04:47:39","Device Released","True","6d97f00d-568d-41a4-8e75-24d7a702abb8","deepak_tester@ml.com","","","","",""
"163e492d-a15e-4a32-8f35-6ae8a727380c","OnePlus_f77b4c0a","2016-10-24 04:47:28","Device Retained","True","6d97f00d-568d-41a4-8e75-24d7a702abb8","deepak_tester@ml.com","","","","",""
"90eb2b28-be64-4097-a940-496f77c5cf12","zCanvas 4","2016-10-24 04:47:22","Device Retained","True","6d97f00d-568d-41a4-8e75-24d7a702abb8","deepak_tester@ml.com","","","","",""
"90eb2b28-be64-4097-a940-496f77c5cf12","zCanvas 4","2016-10-24 04:47:22","Device Released","True","301edaa9-aa4e-47c4-a63f-7d64f6e01acf","Deepak Solanki","","","","",""
"90eb2b28-be64-4097-a940-496f77c5cf12","zCanvas 4","2016-10-24 04:43:13","Device Retained","True","301edaa9-aa4e-47c4-a63f-7d64f6e01acf","Deepak Solanki","","","","",""
"90eb2b28-be64-4097-a940-496f77c5cf12","zCanvas 4","2016-10-24 04:41:40","Device Released","True","301edaa9-aa4e-47c4-a63f-7d64f6e01acf","Deepak Solanki","","","","",""
"90eb2b28-be64-4097-a940-496f77c5cf12","zCanvas 4","2016-10-24 04:40:25","Device Retained","True","301edaa9-aa4e-47c4-a63f-7d64f6e01acf","Deepak Solanki","","","","",""
"2d6c6651-4a6b-4634-828e-f225b7323853","newDevice","2016-10-24 04:40:16","Application Launched","True","301edaa9-aa4e-47c4-a63f-7d64f6e01acf","Deepak Solanki","652a9ec4-11d8-4ed4-87d4-b033de78d046","deviceControl","7.2.5378.1020","7.2.5378.1020",""
"90eb2b28-be64-4097-a940-496f77c5cf12","zCanvas 4","2016-10-24 04:40:05","Device Released","True","301edaa9-aa4e-47c4-a63f-7d64f6e01acf","Deepak Solanki","","","","",""
"2d6c6651-4a6b-4634-828e-f225b7323853","newDevice","2016-10-24 04:40:04","Application Installed","True","301edaa9-aa4e-47c4-a63f-7d64f6e01acf","Deepak Solanki","652a9ec4-11d8-4ed4-87d4-b033de78d046","deviceControl","7.2.5378.1020","7.2.5378.1020",""
"2d6c6651-4a6b-4634-828e-f225b7323853","newDevice","2016-10-24 04:39:52","Application Installed","True","301edaa9-aa4e-47c4-a63f-7d64f6e01acf","Deepak Solanki","652a9ec4-11d8-4ed4-87d4-b033de78d046","deviceControl","7.2.5378.1020","7.2.5378.1020",""
"2d6c6651-4a6b-4634-828e-f225b7323853","newDevice","2016-10-24 04:39:52","Device Retained","True","301edaa9-aa4e-47c4-a63f-7d64f6e01acf","Deepak Solanki","","","","",""
"3e43f41b-dbd9-4d90-af2d-bfbec3d1d554","Device1111","2016-10-24 04:37:15","Application Launched","True","301edaa9-aa4e-47c4-a63f-7d64f6e01acf","Deepak Solanki","652a9ec4-11d8-4ed4-87d4-b033de78d046","deviceControl","7.2.5378.1020","7.2.5378.1020",""
"3e43f41b-dbd9-4d90-af2d-bfbec3d1d554","Device1111","2016-10-24 04:37:10","Application Installed","True","301edaa9-aa4e-47c4-a63f-7d64f6e01acf","Deepak Solanki","652a9ec4-11d8-4ed4-87d4-b033de78d046","deviceControl","7.2.5378.1020","7.2.5378.1020",""
"3e43f41b-dbd9-4d90-af2d-bfbec3d1d554","Device1111","2016-10-24 04:37:10","Device Retained","True","301edaa9-aa4e-47c4-a63f-7d64f6e01acf","Deepak Solanki","","","","",""
"3e43f41b-dbd9-4d90-af2d-bfbec3d1d554","Device1111","2016-10-24 04:34:35","Device Released","True","6d97f00d-568d-41a4-8e75-24d7a702abb8","deepak_tester@ml.com","","","","",""
"90eb2b28-be64-4097-a940-496f77c5cf12","zCanvas 4","2016-10-24 04:34:26","Device Retained","True","301edaa9-aa4e-47c4-a63f-7d64f6e01acf","Deepak Solanki","","","","",""
"3e43f41b-dbd9-4d90-af2d-bfbec3d1d554","Device1111","2016-10-24 04:34:21","Application Launched","True","6d97f00d-568d-41a4-8e75-24d7a702abb8","deepak_tester@ml.com","652a9ec4-11d8-4ed4-87d4-b033de78d046","deviceControl","7.2.5378.1020","7.2.5378.1020",""
"3e43f41b-dbd9-4d90-af2d-bfbec3d1d554","Device1111","2016-10-24 04:34:15","Application Installed","True","6d97f00d-568d-41a4-8e75-24d7a702abb8","deepak_tester@ml.com","652a9ec4-11d8-4ed4-87d4-b033de78d046","deviceControl","7.2.5378.1020","7.2.5378.1020",""
"3e43f41b-dbd9-4d90-af2d-bfbec3d1d554","Device1111","2016-10-24 04:34:15","Device Retained","True","6d97f00d-568d-41a4-8e75-24d7a702abb8","deepak_tester@ml.com","","","","",""
"fad6695a-63db-4eac-8962-612ccfdf8d9a","Micromax","2016-10-24 04:32:35","Application Launched","True","301edaa9-aa4e-47c4-a63f-7d64f6e01acf","Deepak Solanki","7cf08a45-6b6b-4b54-a690-4d13aa7deec9","deviceControl","7.2.5378.1020","5378",""
"fad6695a-63db-4eac-8962-612ccfdf8d9a","Micromax","2016-10-24 04:32:26","Application Installed","True","301edaa9-aa4e-47c4-a63f-7d64f6e01acf","Deepak Solanki","7cf08a45-6b6b-4b54-a690-4d13aa7deec9","deviceControl","7.2.5378.1020","5378",""
"fad6695a-63db-4eac-8962-612ccfdf8d9a","Micromax","2016-10-24 04:32:26","Device Retained","True","301edaa9-aa4e-47c4-a63f-7d64f6e01acf","Deepak Solanki","","","","",""
"0a439528-c026-41a3-bae1-12e996434654","Device1111","2016-10-24 04:31:15","Application Launched","True","301edaa9-aa4e-47c4-a63f-7d64f6e01acf","Deepak Solanki","652a9ec4-11d8-4ed4-87d4-b033de78d046","deviceControl","7.2.5378.1020","7.2.5378.1020",""
"0a439528-c026-41a3-bae1-12e996434654","Device1111","2016-10-24 04:31:11","Application Installed","True","301edaa9-aa4e-47c4-a63f-7d64f6e01acf","Deepak Solanki","652a9ec4-11d8-4ed4-87d4-b033de78d046","deviceControl","7.2.5378.1020","7.2.5378.1020",""
"0a439528-c026-41a3-bae1-12e996434654","Device1111","2016-10-24 04:31:11","Device Retained","True","301edaa9-aa4e-47c4-a63f-7d64f6e01acf","Deepak Solanki","","","","",""
"fad6695a-63db-4eac-8962-612ccfdf8d9a","Micromax","2016-10-24 04:29:59","Device Released","True","6d97f00d-568d-41a4-8e75-24d7a702abb8","deepak_tester@ml.com","","","","",""
"fad6695a-63db-4eac-8962-612ccfdf8d9a","Micromax","2016-10-24 04:29:48","Application Launched","True","6d97f00d-568d-41a4-8e75-24d7a702abb8","deepak_tester@ml.com","7cf08a45-6b6b-4b54-a690-4d13aa7deec9","deviceControl","7.2.5378.1020","5378",""
"fad6695a-63db-4eac-8962-612ccfdf8d9a","Micromax","2016-10-24 04:29:39","Application Installed","True","6d97f00d-568d-41a4-8e75-24d7a702abb8","deepak_tester@ml.com","7cf08a45-6b6b-4b54-a690-4d13aa7deec9","deviceControl","7.2.5378.1020","5378",""
"fad6695a-63db-4eac-8962-612ccfdf8d9a","Micromax","2016-10-24 04:29:39","Device Retained","True","6d97f00d-568d-41a4-8e75-24d7a702abb8","deepak_tester@ml.com","","","","",""
"fad6695a-63db-4eac-8962-612ccfdf8d9a","Micromax","2016-10-24 04:29:19","Device Released","True","6d97f00d-568d-41a4-8e75-24d7a702abb8","deepak_tester@ml.com","","","","",""
"fad6695a-63db-4eac-8962-612ccfdf8d9a","Micromax","2016-10-24 04:29:09","Application Launched","True","6d97f00d-568d-41a4-8e75-24d7a702abb8","deepak_tester@ml.com","7cf08a45-6b6b-4b54-a690-4d13aa7deec9","deviceControl","7.2.5378.1020","5378",""
"fad6695a-63db-4eac-8962-612ccfdf8d9a","Micromax","2016-10-24 04:29:03","Application Installed","True","6d97f00d-568d-41a4-8e75-24d7a702abb8","deepak_tester@ml.com","7cf08a45-6b6b-4b54-a690-4d13aa7deec9","deviceControl","7.2.5378.1020","5378",""
"fad6695a-63db-4eac-8962-612ccfdf8d9a","Micromax","2016-10-24 04:28:59","Application Installed","True","6d97f00d-568d-41a4-8e75-24d7a702abb8","deepak_tester@ml.com","7cf08a45-6b6b-4b54-a690-4d13aa7deec9","deviceControl","7.2.5378.1020","5378",""
"fad6695a-63db-4eac-8962-612ccfdf8d9a","Micromax","2016-10-24 04:28:59","Device Retained","True","6d97f00d-568d-41a4-8e75-24d7a702abb8","deepak_tester@ml.com","","","","",""
"0a439528-c026-41a3-bae1-12e996434654","Device1111","2016-10-24 04:28:03","Device Released","True","6d97f00d-568d-41a4-8e75-24d7a702abb8","deepak_tester@ml.com","","","","",""
"0a439528-c026-41a3-bae1-12e996434654","Device1111","2016-10-24 04:27:49","Application Launched","True","6d97f00d-568d-41a4-8e75-24d7a702abb8","deepak_tester@ml.com","652a9ec4-11d8-4ed4-87d4-b033de78d046","deviceControl","7.2.5378.1020","7.2.5378.1020",""
"90eb2b28-be64-4097-a940-496f77c5cf12","zCanvas 4","2016-10-24 04:27:48","Device Released","True","301edaa9-aa4e-47c4-a63f-7d64f6e01acf","Deepak Solanki","","","","",""
"163e492d-a15e-4a32-8f35-6ae8a727380c","OnePlus_f77b4c0a","2016-10-24 04:27:48","Device Released","True","301edaa9-aa4e-47c4-a63f-7d64f6e01acf","Deepak Solanki","","","","",""
"0a439528-c026-41a3-bae1-12e996434654","Device1111","2016-10-24 04:27:46","Application Installed","True","6d97f00d-568d-41a4-8e75-24d7a702abb8","deepak_tester@ml.com","652a9ec4-11d8-4ed4-87d4-b033de78d046","deviceControl","7.2.5378.1020","7.2.5378.1020",""
"0a439528-c026-41a3-bae1-12e996434654","Device1111","2016-10-24 04:27:44","Application Installed","True","6d97f00d-568d-41a4-8e75-24d7a702abb8","deepak_tester@ml.com","652a9ec4-11d8-4ed4-87d4-b033de78d046","deviceControl","7.2.5378.1020","7.2.5378.1020",""
"0a439528-c026-41a3-bae1-12e996434654","Device1111","2016-10-24 04:27:43","Device Retained","True","6d97f00d-568d-41a4-8e75-24d7a702abb8","deepak_tester@ml.com","","","","",""
"163e492d-a15e-4a32-8f35-6ae8a727380c","OnePlus_f77b4c0a","2016-10-24 04:26:11","Device Retained","True","301edaa9-aa4e-47c4-a63f-7d64f6e01acf","Deepak Solanki","","","","",""
"90eb2b28-be64-4097-a940-496f77c5cf12","zCanvas 4","2016-10-24 04:26:11","Device Retained","True","301edaa9-aa4e-47c4-a63f-7d64f6e01acf","Deepak Solanki","","","","",""
"0a439528-c026-41a3-bae1-12e996434654","Device1111","2016-10-24 04:19:44","Device Released","True","301edaa9-aa4e-47c4-a63f-7d64f6e01acf","Deepak Solanki","","","","",""
"0a439528-c026-41a3-bae1-12e996434654","Device1111","2016-10-24 04:04:36","Application Launched","True","6d97f00d-568d-41a4-8e75-24d7a702abb8","deepak_tester@ml.com","652a9ec4-11d8-4ed4-87d4-b033de78d046","deviceControl","7.2.5378.1020","7.2.5378.1020",""
"0a439528-c026-41a3-bae1-12e996434654","Device1111","2016-10-24 04:04:12","Application Installed","True","6d97f00d-568d-41a4-8e75-24d7a702abb8","deepak_tester@ml.com","652a9ec4-11d8-4ed4-87d4-b033de78d046","deviceControl","7.2.5378.1020","7.2.5378.1020",""
"0a439528-c026-41a3-bae1-12e996434654","Device1111","2016-10-24 04:04:08","Application Installed","True","6d97f00d-568d-41a4-8e75-24d7a702abb8","deepak_tester@ml.com","652a9ec4-11d8-4ed4-87d4-b033de78d046","deviceControl","7.2.5378.1020","7.2.5378.1020",""
"0a439528-c026-41a3-bae1-12e996434654","Device1111","2016-10-24 04:04:08","Device Retained","True","6d97f00d-568d-41a4-8e75-24d7a702abb8","deepak_tester@ml.com","","","","",""
"fad6695a-63db-4eac-8962-612ccfdf8d9a","Micromax","2016-10-24 03:53:23","Device Online","True","","","","","","",""
"fad6695a-63db-4eac-8962-612ccfdf8d9a","Micromax","2016-10-24 03:53:11","Device Offline","True","","","","","","",""
"fad6695a-63db-4eac-8962-612ccfdf8d9a","Micromax","2016-10-24 03:53:09","Device Released","True","6d97f00d-568d-41a4-8e75-24d7a702abb8","deepak_tester@ml.com","","","","",""
"fad6695a-63db-4eac-8962-612ccfdf8d9a","Micromax","2016-10-24 03:52:56","Application Launched","True","6d97f00d-568d-41a4-8e75-24d7a702abb8","deepak_tester@ml.com","7cf08a45-6b6b-4b54-a690-4d13aa7deec9","deviceControl","7.2.5378.1020","5378",""
"fad6695a-63db-4eac-8962-612ccfdf8d9a","Micromax","2016-10-24 03:52:49","Application Installed","True","6d97f00d-568d-41a4-8e75-24d7a702abb8","deepak_tester@ml.com","7cf08a45-6b6b-4b54-a690-4d13aa7deec9","deviceControl","7.2.5378.1020","5378",""
"fad6695a-63db-4eac-8962-612ccfdf8d9a","Micromax","2016-10-24 03:52:49","Device Retained","True","6d97f00d-568d-41a4-8e75-24d7a702abb8","deepak_tester@ml.com","","","","",""
"af22ee1e-32a5-4ec8-a42f-845a197ba59b","Nexus6","2016-10-24 03:38:18","Device Enabled","True","301edaa9-aa4e-47c4-a63f-7d64f6e01acf","Deepak Solanki","","","","",""
"c818c7db-a609-4ebe-a38f-15a5f6661413","Nexus5","2016-10-24 03:38:18","Device Enabled","True","301edaa9-aa4e-47c4-a63f-7d64f6e01acf","Deepak Solanki","","","","",""
"3e43f41b-dbd9-4d90-af2d-bfbec3d1d554","Device1111","2016-10-24 03:36:16","Device Released","True","301edaa9-aa4e-47c4-a63f-7d64f6e01acf","Deepak Solanki","","","","",""
